Max,Min,Peak to Peak Range,Mean,Median,Variance,Skew,Kurtosis,Standard Deviation,Inter Quartile Range
2.7236269902032557,-1.5797781952887253,4.303405185491981,-5.329070518200751e-16,-0.29542511699646995,1.0020876826722336,0.9584516269476198,0.1642011561508876,2.1819423637520963,1.2324617362671968
1.7384858290155294,-1.3085504026455606,3.0470362316610897,1.0362081563168128e-16,-0.12298953846331018,1.0020876826722338,0.25806299846213426,-1.4295908380415394,1.2742088506116709,2.0079831288296037
1.7319932684696384,-1.4413950496774093,3.1733883181470475,5.736152293896642e-16,-0.11915619773607382,1.002087682672234,0.21721051408057007,-1.445194742185565,1.304961855801492,1.9775615218261107
1.6423948666996733,-1.5901217421554334,3.2325166088551067,1.4062824978585316e-16,0.017750909506299768,1.002087682672234,0.024567690859377597,-1.4436214142637795,1.1882372007756343,1.9981056341898054
1.7746084400652578,-1.3425688345351414,3.117177274600399,3.3306690738754695e-17,-0.1595598674990207,1.0020876826722338,0.333449049120201,-1.398173742400312,1.1536764127461658,1.9552875293628977
1.7233411677693538,-1.5002571537808147,3.2235983215501687,6.661338147750939e-17,-0.04716546967346914,1.002087682672234,0.12844522752166412,-1.4146914990519082,0.7678160060443014,1.9990269823798843
1.9467236272129895,-1.538509065832777,3.4852326930457664,-7.771561172376096e-16,-0.1238576764045553,1.0020876826722338,0.2265418777369897,-1.2997484135291837,1.083971670325282,1.8842790749710483
1.593856063008726,-1.4118634773780223,3.0057195403867483,-5.033011044967376e-16,-0.05410375103410517,1.0020876826722338,0.10485878089027116,-1.4993570992504557,1.3125464960889008,2.0790501038252214
1.6549683657916576,-1.4043599188503508,3.0593282846420085,2.0354088784794536e-16,-0.04465557171003592,1.0020876826722338,0.10118684128359995,-1.4562841215822084,1.606228957970142,2.050536452184776
1.8709816761328406,-1.5684035157357266,3.439385191868567,-5.070018479121548e-16,-0.10069753090980768,1.0020876826722338,0.22601540730960917,-1.3310105511937482,0.8700531899202204,1.9408628804576333
1.7362602989885132,-1.353909400923027,3.0901696999115402,6.883382752675971e-16,-0.05776269847831528,1.0020876826722338,0.23568277156963863,-1.406616523903657,0.8996872873257099,2.0067668805550563
1.804476541262453,-1.4017592832636327,3.206235824526086,4.255854927729767e-16,-0.12151678089717732,1.002087682672234,0.29185450915318706,-1.350523668715303,0.9471681807880039,1.915273934229055
2.5893424237006846,-1.2440448396836803,3.833387263384365,5.921189464667501e-17,-0.47563176355906406,1.002087682672234,1.112671794046235,-0.09171006313455754,0.8632285326789056,1.2002681100245427
2.0303892300331707,-1.2878127462319353,3.3182019762651063,-4.070817756958907e-16,-0.16926293516780416,1.0020876826722336,0.24623179980959103,-1.4231418165244254,1.5582768022929818,1.9761008011104884
1.740845613639411,-1.4089439774117776,3.1497895910511886,8.067620645609471e-16,-0.3030345254392977,1.002087682672234,0.36124398102422167,-1.4090021595694553,0.6785237318835274,1.9076731996419403
1.7927991421010314,-1.2978907836759694,3.090689925777001,-6.365278674517564e-16,-0.21441310574135206,1.002087682672234,0.29320474585519757,-1.486069710977163,1.6140993541666688,2.0146265799413703
1.7537125794473147,-1.3386673420358954,3.09237992148321,3.885780586188048e-16,-0.14472927820184042,1.0020876826722338,0.2517318628324627,-1.4656859041499706,1.232982028390943,1.962033827593863
1.533722945439129,-1.2666990860564646,2.800422031495594,-7.75305745529901e-16,-0.15501931011447095,1.002087682672234,0.1915632977164614,-1.5821242293580027,1.3341405715021792,2.0981267686668623
1.5667587945438257,-1.5904658777181881,3.157224672262014,-2.4794980883295163e-16,0.012483808897564784,1.0020876826722338,-0.0006475536504869681,-1.5363443014544984,1.088716176161376,1.9985141831058186
1.6848907395189605,-1.4210651063726505,3.105955845891611,-7.06841992344683e-16,-0.09069151636740969,1.002087682672234,0.10960368099862071,-1.5301975282339557,1.3793501876213967,2.0213238227092867
1.733403898063324,-1.4520804826781504,3.1854843807414746,-8.918791631155424e-16,-0.03641898458295266,1.002087682672234,0.09220759677231985,-1.4963386089873725,1.1810530079869952,2.004521223516762
1.6827340594161866,-1.6013854975428017,3.2841195569589883,-3.0716170347962664e-16,-0.07523926410412474,1.0020876826722338,0.07753466573787697,-1.5148344001455751,0.9712451173721915,1.9501790774377108
1.5442242754094981,-1.452166463396442,2.99639073880594,-2.9605947323337506e-16,-0.14653565511838368,1.0020876826722338,0.1494578856246352,-1.5416464148934743,0.7261199088723109,1.9869442835825697
1.8188182895642095,-1.2756147712512693,3.094433060815479,-6.661338147750939e-16,-0.22159924795303593,1.0020876826722338,0.3049536262380577,-1.435950350244498,1.2530474985137705,1.9483732613902567
1.854116670269795,-1.378136079091893,3.232252749361688,-4.810966440042345e-17,-0.1577545042086429,1.002087682672234,0.2661998314741119,-1.397013976132932,1.5477892477036377,1.9378789356586439
1.8927887979491314,-1.4777155094790861,3.3705043074282175,-7.105427357601002e-16,-0.1198535159119041,1.0020876826722338,0.18411239428164175,-1.3959348937572404,1.0702227892413563,1.9256432603528955
3.490333621841982,-2.0159440591608173,5.5062776810028,7.993605777301127e-16,-0.1455121382336908,1.0020876826722338,1.1792513504383202,1.999416577472208,0.5266241347991181,0.8262513949133559
1.9231310180182462,-1.5606762175573141,3.4838072355755605,2.7385501274087196e-16,-0.09175467354499306,1.002087682672234,0.2734424095370153,-1.0188051225010093,1.0537367801951691,1.6468799233279436
1.6635617465384296,-1.5699592011735928,3.233520947712022,-4.51490696680897e-16,-0.03509595443307519,1.0020876826722336,0.030927853364801045,-1.4571816294881965,1.272483687150822,1.9875916173106558
1.6371555911740163,-1.4759270282556203,3.113082619429637,2.0354088784794535e-17,-0.0082850541336585,1.0020876826722338,0.02694084798274435,-1.4849346151607108,1.593880608209212,2.016714913442031
1.7478595191384363,-1.3210704664273158,3.0689299855657524,-9.806970050855549e-17,-0.15892093436998034,1.0020876826722338,0.2680112217615412,-1.4136327506509545,1.3600016695629278,1.9369546431120055
1.7147991514716252,-1.4217338532551815,3.1365330047268065,7.401486830834377e-16,-0.09310958178281051,1.0020876826722338,0.188356862531644,-1.3984083509072094,0.762723726893455,1.9024036046834312
1.6379385149222203,-1.3653598817154018,3.0032983966376223,9.02981393361794e-16,-0.05706308135800445,1.0020876826722342,0.15507811863941207,-1.4872432386079435,1.541661146633956,2.010587696237272
2.0854704843382263,-1.4600351397829912,3.5455056241212173,-2.6645352591003756e-16,-0.11171995397139842,1.0020876826722338,0.22208415552486047,-1.3435176318786548,1.3743448305517203,1.9155388419611719
1.6068387139536158,-1.5045406318767902,3.111379345830406,-1.8503717077085943e-16,-0.04637901833968165,1.0020876826722338,0.07365661456583558,-1.4897873539329127,1.396389810702918,2.0148513459693245
1.6717503490458512,-1.5744508093287368,3.2462011583745882,4.51490696680897e-16,-0.025408728594582253,1.0020876826722338,0.0167500469221133,-1.4549514341551142,1.5162901989324706,1.961385346430675
1.44402760084689,-1.6817576851792095,3.1257852860260993,-2.4609943712524305e-16,0.02993027517781404,1.0020876826722336,-0.09500460686838108,-1.49396818792889,1.3735768089534661,2.0421191129483134
1.4232583144534796,-1.7226024601581031,3.1458607746115828,3.6914915568786457e-16,0.13143756200641413,1.0020876826722338,-0.25047790411380205,-1.4152696704100285,1.147606863759463,1.9675828361300298
1.8663378839720777,-1.6083178564060825,3.47465574037816,-3.700743415417188e-17,-0.028106271139233016,1.0020876826722336,0.01536741102941532,-1.332303485174479,1.2093637478107768,1.8738717646962284
2.285604947058294,-1.80443045860883,4.090035405667124,-1.3026616822268502e-15,-0.27323349242834205,1.0020876826722338,0.3766989066414995,-0.961912986981464,1.882774806706541,1.6543494661192575
1.8431951123353922,-1.6914447478964387,3.534639860231831,4.884981308350689e-16,-0.10429046316124814,1.002087682672234,0.14160071741213812,-1.2950977933856758,0.8238977597866953,1.8126857909630583
2.017800877002999,-1.6187387262504784,3.6365396032534774,8.141635513917814e-17,-0.08571556814997411,1.0020876826722338,0.16689836698394606,-1.2743018889354973,1.171922407648302,1.788235552997005
1.924465923754495,-1.5100145727114067,3.434480496465902,8.511709855459534e-17,-0.13883944290143024,1.002087682672234,0.20384212034412003,-1.3463194560363894,1.003482146897245,1.8786240784099997
1.9925559496362282,-1.7160039978242805,3.7085599474605084,-3.700743415417188e-17,-0.0900956366379825,1.0020876826722338,0.14508125658915838,-1.3353271758147653,1.7361684633931245,1.9035602500854196
1.9625434523064305,-1.489878812534392,3.4524222648408225,6.735353016059283e-16,-0.17819561281388335,1.002087682672234,0.25928010334960183,-1.3208962670052482,1.0639268362478869,1.9016435382940595
1.8527694516749234,-1.5690690267068057,3.421838478381729,1.7023419710919068e-16,-0.16631067403865696,1.0020876826722338,0.25419607873046046,-1.3574961909596572,1.0389213138191167,1.869036711237761
1.984597482831321,-1.5191800529545765,3.503777535785898,-2.516505522483688e-16,-0.18031880759398297,1.0020876826722338,0.2632487229082623,-1.2936539230251096,0.9009761247686436,1.819453220183834
1.9033006857573929,-1.6266037434387044,3.5299044291960975,-9.62193288008469e-17,-0.11455669439905192,1.0020876826722338,0.1731330887631525,-1.2964772076233906,1.037292879004027,1.8451018710799163
2.0142850191322075,-1.4631683164378344,3.4774533355700417,-8.585724723767877e-16,-0.15031195932264851,1.002087682672234,0.2906402665451108,-1.2981561588029502,1.1641427299982285,1.884786091236708
2.231871086398361,-1.945149900684106,4.177020987082467,-4.440892098500626e-16,-0.11312777238547471,1.0020876826722338,0.15157677257082097,-1.0488285085889224,1.2630048948586057,1.7227289466827391
2.149706534295223,-2.49204682611022,4.641753360405443,-2.6645352591003756e-16,-0.08382320226225412,1.0020876826722338,0.07988209945169833,-0.3994531313093481,0.7510019272158878,1.3202867378645045
2.7372163831290734,-2.0508761159271645,4.788092499056238,7.401486830834377e-17,0.08440848013371521,1.0020876826722336,0.17997854569788835,-0.03581757677723951,2.2084217469674092,1.19464110380784
1.7463234141335366,-1.4259426002312268,3.172266014364763,4.903485025427775e-16,-0.23749946070500755,1.0020876826722338,0.26281766413534097,-1.4845173563381702,1.487841685487156,1.9948201025495615
1.9057571883541944,-1.287909904876186,3.1936670932303803,3.2566542055671256e-16,-0.1727371208646316,1.002087682672234,0.269117616896408,-1.383383121853816,1.2336557332321323,1.8770936290531854
1.8111698352978003,-1.237475571192285,3.048645406490085,5.958196898821673e-16,-0.20111459736576914,1.0020876826722336,0.33765685294790465,-1.411512182800524,1.1369590103815461,1.9313734809862924
1.5976517753704487,-1.3214554341085796,2.9191072094790282,-2.55351295663786e-16,-0.13894889715779063,1.0020876826722338,0.16042821710389396,-1.5387877500846814,1.0989420338003522,2.0284131390122715
1.5666528757800213,-1.3292933513425937,2.8959462271226153,-1.924386576016938e-16,-0.11200858279829823,1.0020876826722338,0.1599844143680022,-1.5588362428782159,1.2906030279698717,2.0774447336207604
1.8154025201144834,-1.5093913442720388,3.324793864386522,1.924386576016938e-16,-0.007596418719143427,1.0020876826722338,0.07497528844167575,-1.4965258771959815,1.3878871483402104,1.9944111396676791
1.6668510417676539,-1.5394451707868788,3.2062962125545327,3.700743415417188e-17,-0.09533066602632606,1.0020876826722338,0.08263121270363623,-1.5433848914937587,0.8961726683248735,2.017462730265875
1.5413408135462516,-1.504587639781314,3.0459284533275657,-1.554312234475219e-16,0.10114136364557158,1.0020876826722336,-0.08700050612242828,-1.5923878334318569,1.1362629672567428,2.037035569843905
1.4276044812535127,-1.5658288278140065,2.993433309067519,-5.181040781584064e-17,0.24727436462564506,1.002087682672234,-0.23904792335529354,-1.580144522277023,1.6701825873336567,2.019111995444036
1.4469594702845179,-1.7074678573481121,3.15442732763263,1.7393494052460786e-16,0.3125490713326803,1.0020876826722338,-0.3323226143094288,-1.396274861432255,0.6095790156918716,1.8603516185775981
1.574551081092236,-1.4141320268236977,2.988683107915934,-3.978299171573478e-16,-0.09082543091703119,1.002087682672234,0.08420855158514716,-1.6159843498174677,0.709852696776905,2.0482803931789437
1.7540501678204923,-1.8174095677383482,3.5714597355588404,-4.144832625267251e-16,0.06648311693748601,1.0020876826722338,-0.08118438908359629,-1.2958663450481196,1.8283381943802068,1.778005913446441
2.2224358487303593,-1.6564532888787196,3.878889137609079,-9.177843670234628e-16,-0.3368277551765038,1.002087682672234,0.6318833464806113,-0.727095747703637,0.8978538284153798,1.5886801544185536
3.3091727770317823,-1.3171410299386943,4.626313806970477,2.3684757858670006e-16,-0.2880721314284616,1.002087682672234,1.9386067466784724,3.013430219932437,2.0033061202318527,0.45478980100153
4.1508419282428894,-1.0640977178467372,5.2149396460896265,-6.513308411134251e-16,-0.6035414734034089,1.0020876826722336,1.4935483536780683,2.4913065262320853,1.5605836573404182,1.463249699716572
2.225060959023615,-2.071133711836677,4.296194670860292,-5.921189464667501e-17,-0.3404060339731445,1.002087682672234,0.6560463216414246,-0.44115386445395277,1.3602089098851045,1.3075394905832045
2.864539276741802,-2.258297487645167,5.122836764386969,3.9968028886505636e-16,-0.232001510021843,1.0020876826722338,0.9890080965788584,0.7966396099633895,1.5108424326206438,0.9366968758640736
3.02150293405839,-2.0134541657871026,5.034957099845492,-8.141635513917814e-17,-0.08266950210724287,1.0020876826722336,0.8136904398776177,1.1718665441034597,0.8604911071437735,1.095608045281442
2.527715091404362,-2.0327085741369912,4.560423665541354,7.771561172376095e-17,-0.26225037390546224,1.0020876826722338,1.0019637573102937,0.42926534106035064,1.2235811561617682,0.9601789690071894
3.5049101800622546,-2.046472483241049,5.551382663303304,-4.588921835117314e-16,-0.10522481596773489,1.002087682672234,0.5645661116416085,0.3835950295746451,0.8776984616930841,1.3509672650332365
2.274205756531793,-2.8282114063262944,5.102417162858087,-1.7171449447535755e-15,0.07931793197128698,1.0020876826722338,-0.22522603625075732,-0.5454487744110161,0.9198461164370706,1.4594184015859917
3.1483172225933997,-3.4274339833956673,6.575751205989067,-4.736951571734001e-16,0.1052982130311866,1.0020876826722336,-0.7835681862337374,2.2078965479860067,1.0778350025501142,1.0391616117369944
2.558971094487336,-2.502452528048665,5.061423622536001,-4.440892098500626e-16,-0.12371640267720388,1.0020876826722338,0.22342479729670556,0.12405250985480665,1.217301870048348,1.2122545450272209
2.5049474682548527,-3.340191373906509,5.8451388421613615,-1.2323475573339237e-15,-0.018007825259060185,1.002087682672234,-0.11682546227516001,-0.050827258822067733,1.206560577195266,1.4032150189761599
1.9623585036915954,-3.5374692468153803,5.4998277505069755,-1.0362081563168128e-15,0.13968002323043585,1.002087682672234,-1.09606749262968,1.9562267827038298,1.8208164795545578,1.1870634103422464
2.3615145445556416,-2.143011277899971,4.504525822455612,-8.696747026230393e-16,-0.040455726912933615,1.0020876826722336,0.2616221152717497,-0.3381692614871281,1.1995832299282385,1.3221868533453618
2.884410846829645,-2.086928074657563,4.971338921487208,-3.7007434154171886e-16,-0.22565451759679095,1.0020876826722336,0.6999372894615512,-0.07867735437465306,1.2012145236645984,1.2480322039740779
2.572612023139833,-3.1724307971711867,5.74504282031102,2.161234154603638e-15,-0.05155755576965132,1.002087682672234,-0.3046752240445949,0.6976732918388775,1.4658040461280446,1.2261029018590741
2.1798188963724408,-3.3358087201340005,5.515627616506441,-1.4506914188435379e-15,0.0689916543975028,1.0020876826722338,-0.3837832842113473,0.31650738898980224,0.9804358203161215,1.3391594225294878
5.896601614955595,-1.4272503653806659,7.323851980336261,1.1250259982868252e-15,-0.18337480371106699,1.002087682672234,1.6908847260515578,4.083923864233171,1.9169001454822727,0.8158642772220622
2.201899904112306,-2.0170611484423855,4.2189610525546914,2.4794980883295163e-16,-0.264676406009973,1.002087682672234,0.2088006089953546,-0.5079629869153437,0.9956670163186065,1.3875197861647415
4.05800992514607,-2.3437846145846994,6.401794539730769,-7.105427357601002e-16,-0.3227877041158136,1.0020876826722338,1.5283079296359208,3.8252905741590224,0.9521442424740393,0.8596202161761579
2.4064853366289407,-2.5431784667143784,4.949663803343319,-7.401486830834377e-16,0.06854331943012662,1.0020876826722336,-0.11318160660071924,-0.19646428461885623,1.4031899503624146,1.3951516817475007
1.6028414579220214,-2.708040026375115,4.310881484297136,2.3684757858670006e-16,0.1291810596070619,1.0020876826722338,-0.8723117917824186,0.4506630695493894,1.958462576031769,1.0836278075183414
1.6491064454061621,-2.748585797758865,4.397692243165027,-3.9968028886505636e-16,0.016908283943613683,1.0020876826722336,-0.5581666006637269,-0.19577563898781802,1.5192741555071743,1.4588566859992533
2.806715689439877,-2.7166168331495073,5.523332522589384,5.477100254817439e-16,-0.1854630175979703,1.0020876826722338,-0.05534528072008064,0.6001988116204151,1.7450773771837453,1.2216283498805967
2.58550343375283,-2.5663120623872993,5.151815496140129,-6.531812128211338e-16,0.0006766058237536146,1.002087682672234,-0.18029227346732238,0.6262483554509184,2.089928668729265,0.8911964973858197
1.6326962077249094,-2.408577897837966,4.041274105562875,-7.512509133296893e-16,-0.12599180155331047,1.0020876826722338,-0.14046964194365924,-1.0388424908832938,1.302240505064942,1.806796453352168
1.5384602359965829,-3.1255890778813344,4.664049313877918,3.2566542055671256e-16,0.06505190869611788,1.002087682672234,-0.754869023621069,0.29861589501508146,1.3478695483140857,1.3287856741870343
2.028065419351001,-2.4151130345295653,4.4431784538805665,-1.924386576016938e-16,0.029565169222146158,1.0020876826722336,-0.27139897097181404,-0.5128151918954709,0.9100708267969351,1.3499645693237081
1.7914167689441256,-2.123683339226404,3.9151001081705297,2.294460917558657e-16,-0.009490977337430009,1.0020876826722338,-0.18580590227364618,-1.036142317991876,1.3608724782353672,1.7022224976239058
2.3994073764437585,-2.1355700027458657,4.534977379189624,-5.403085386509095e-16,-0.0013905698301222335,1.002087682672234,-0.2545488753019656,-0.4818533035890922,0.8771616148675963,1.3170606102526419
3.2320932431300973,-2.6504045967452425,5.88249783987534,3.0346096006420946e-16,-0.1047439083060486,1.0020876826722336,0.40620917404507567,1.3108160213635092,2.655485890710937,1.1126172279214401
2.495272570658819,-2.5275321548226493,5.022804725481468,-1.1842378929335003e-16,0.13241265717415707,1.0020876826722336,-0.33466153030597473,0.041354873802228465,1.1770262958229885,1.3211627441726161
1.9080892963110336,-2.2367867709040032,4.144876067215037,8.881784197001253e-17,-0.1341025237599932,1.0020876826722338,-0.057574468768035965,-0.5055389689506526,1.6753514146136623,1.2507460566687247
2.0023365595232967,-2.371310130241689,4.3736466897649855,-6.365278674517564e-16,0.10620591754567542,1.0020876826722338,-0.4628252922544346,-0.4730794851181197,0.7732254818142841,1.2764034472809294
1.6625776168108806,-2.5463102580958457,4.2088878749067264,1.7763568394002506e-16,0.07631839730967954,1.0020876826722338,-0.40318858625221243,-0.4335905661929762,1.3860879262690842,1.5131801780626397
1.967140316101487,-2.0254496399145148,3.992589956016002,-2.960594732333751e-17,-0.25480706676614717,1.0020876826722336,0.3253447784912001,-0.8574073608183932,1.1152878076499144,1.4451507137322024
2.9779913362439854,-1.8090991227426967,4.7870904589866825,-8.881784197001253e-17,-0.2892594731087122,1.0020876826722338,1.5417261215427123,2.0175201171371784,1.7160893967098336,0.6155287222875936
3.5983679128916126,-2.511639630584759,6.110007543476371,4.588921835117314e-16,-0.10124169810987185,1.002087682672234,0.8765509376102844,2.2708391901879503,1.1437296744814198,0.9760952567134885
3.7951844440234535,-1.2465978486346203,5.041782292658073,1.1250259982868252e-15,-0.38080183511045745,1.0020876826722338,2.0810247107716484,3.788889556078625,1.8723743429345299,0.4886844254554854
3.216745084738603,-2.0674335235830656,5.284178608321669,-5.033011044967376e-16,-0.11122022747612402,1.002087682672234,0.5332184266885288,0.49239718950463107,1.793716882762572,1.2151300937177114
3.056354029313796,-2.0379483631626005,5.094302392476397,-8.733754460384564e-16,-0.14275865919889916,1.0020876826722338,0.5028799298374245,-0.03233349366491378,1.3002108756585093,1.25792288267088
2.0218000567089334,-2.4860692903535146,4.507869347062448,-1.0658141036401502e-15,0.12055542131537687,1.0020876826722338,-0.5135989861911573,-0.2931500793246413,1.103821516913083,1.290165568331566
2.5508975715905895,-2.4959554844973164,5.046853056087906,3.848773152033876e-16,0.06764260267588444,1.0020876826722342,-0.0867057183122272,-0.14925668640403167,1.0014416078358874,1.391986326410891
2.1501590691816945,-2.7904015152023347,4.940560584384029,-4.2928623618839387e-16,0.19820500163779273,1.002087682672234,-0.46687627592310155,-0.31574103580013,0.9050829921145884,1.5169279362160615
2.019673357935092,-1.7469987266705695,3.7666720846056614,-9.473903143468002e-16,-0.15923343300164286,1.002087682672234,0.44061568506403154,-0.6125464332319233,1.0328464110975502,1.2598629970095065
2.71273839116417,-2.3860521693305303,5.098790560494701,3.848773152033876e-16,-0.15379276524998753,1.0020876826722336,0.8560197130533764,0.8865927147706754,1.6319039016180061,0.881919993976227
2.8689652058761475,-2.4344626588965164,5.303427864772663,-2.960594732333751e-17,0.08256804977902407,1.0020876826722338,-0.024749351807837428,-0.07561340795596605,0.982053916329891,1.3505315157990474
3.3500814132271817,-1.8301283043995917,5.180209717626774,1.2730557349035128e-15,-0.13977726906994276,1.002087682672234,1.5043662436218224,2.727349748086298,1.1406013061615774,0.7236055233336899
1.9762644332165233,-2.123650680101104,4.0999151133176275,5.625129991434126e-16,0.2876775564738222,1.002087682672234,-0.4032824629735805,-0.7185405614461486,0.9798791617768189,1.4121173014210306
2.46506055229773,-2.662526445693855,5.127586997991585,2.3684757858670006e-16,0.03496377767710991,1.002087682672234,-0.0765104073332221,-0.26848680676486847,0.9719497430301691,1.3722281427462746
2.671149287653173,-2.136537275438115,4.807686563091288,-1.080617077301819e-15,0.08933141839607076,1.002087682672234,0.33601952373727023,0.05386354714344588,0.9024804932821022,1.2179738826409752
2.6073492132439013,-1.7640014924485008,4.371350705692402,3.552713678800501e-16,-0.07763095033467524,1.0020876826722338,0.5658355206159696,0.05351173780031049,1.5078582282316806,1.164450000929437
2.2060706152706198,-2.0151175756734188,4.221188190944039,-2.0724163126336256e-16,0.05643802483363349,1.0020876826722338,-0.028978079583765057,-0.8549097711470122,1.112547896036392,1.5043893740323346
2.9979475453503786,-1.1885632921899922,4.186510837540371,0.0,-0.47803119784067993,1.002087682672234,1.4929869202154198,1.3251479993731898,1.0106574102514005,1.088918312575393
1.7962002810397242,-1.7464641977186297,3.542664478758354,3.108624468950438e-16,-0.24486988390701384,1.0020876826722338,0.29384713453296574,-1.2315463228818109,2.04506960956201,1.7995910362802356
2.7317129945571517,-1.8837705462367687,4.61548354079392,2.812564995717063e-16,-0.003457392618715847,1.0020876826722338,0.3852596415481735,-0.26934294921634816,1.1407462842623353,1.3827696147281148
2.0975206768073265,-1.9068248858302737,4.0043455626376,9.62193288008469e-17,0.02624230034696348,1.0020876826722338,-0.017618113009711923,-0.7829853020767068,1.2408348419315502,1.4371946061174636
2.187077681907836,-2.4941824038015143,4.681260085709351,4.144832625267251e-16,0.029679202440185747,1.002087682672234,-0.265706728896093,-0.6287701518845759,0.668735667398231,1.5598575455563044
1.8860667311218156,-2.0359624607949454,3.922029191916761,2.7385501274087196e-16,0.09996456021264416,1.0020876826722334,-0.257600572372162,-0.7632872225930267,1.220753542597689,1.464073240800558
2.033315078749624,-2.4543169315396267,4.487632010289251,-1.3322676295501878e-16,0.21541127124102769,1.002087682672234,-0.7684873153461426,0.21215908718216303,0.8198744515232649,0.971097798283518
3.065929706476587,-2.0503643555150144,5.116294061991601,1.924386576016938e-16,0.09841964854203313,1.0020876826722338,0.09078996197380647,0.43681707998574293,0.39474749489317146,1.1087440274139972
3.0371052740649707,-2.0926493851306467,5.129754659195617,2.220446049250313e-16,0.0731406684329851,1.0020876826722338,-0.05665950088451716,-0.09992981788158062,1.7830202898654628,1.2470151816576172
2.5004374429117706,-2.241319511476687,4.741756954388458,1.7763568394002506e-16,0.09867399975337693,1.0020876826722338,-0.1609067979311783,-0.13138636773712964,1.024675776713789,1.210687201650941
2.4214151969700066,-2.268348817610051,4.689764014580057,-1.4802973661668753e-16,0.11421640167970813,1.002087682672234,-0.29907858724979663,-0.1310225337396873,0.41626440997436853,1.2400881771159833
1.7113761222380488,-1.938550282151514,3.6499264043895625,-5.551115123125783e-16,0.031060673586321814,1.0020876826722338,-0.007084312491903871,-1.001425461835555,0.9053595572729041,1.6111891265102376
2.1834096132315906,-1.7879457850372942,3.9713553982688845,5.921189464667501e-17,0.05648864696386183,1.0020876826722336,0.11524517232475372,-1.0234563420409402,0.8757654949160657,1.6400339618534412
1.6902114531757786,-1.652989963147052,3.3432014163228305,-4.4408920985006264e-17,-0.005725670241237666,1.0020876826722338,0.057209082608906045,-1.3408434710494457,0.6028355352263188,1.9411541481144599
2.2720483751087213,-2.150925347034612,4.422973722143333,-4.366877230192282e-16,0.07646368141451688,1.002087682672234,-0.24726550834596736,-0.5129821839010376,1.769069417533124,1.3375346313127918
1.7212328987839056,-2.4121323080280854,4.133365206811991,-3.4046839421838136e-16,0.12939952871328528,1.0020876826722338,-0.5792800852866421,-0.28072629125207627,0.8871278976588783,1.2112429475867392
2.350283000849704,-2.0652133991566037,4.415496400006308,1.887379141862766e-16,0.19588241455360028,1.002087682672234,-0.11351329687973737,-0.6492199049895979,0.3396884729162739,1.572931040430284
2.6172891059198053,-2.1064665795548922,4.723755685474698,2.0724163126336256e-16,-0.29701353306479417,1.002087682672234,1.019144555834798,0.3418122427768302,2.0518026249818204,0.9640268282071045
1.6921194015937266,-1.974402101695732,3.6665215032894585,2.6645352591003756e-16,0.11188861548228707,1.0020876826722338,-0.13819169988072036,-1.2070900529656514,1.0643947512267855,1.7960312479479394
1.9346518794995269,-2.7252878713171738,4.659939750816701,6.7723604502134545e-16,0.027047064296607037,1.0020876826722338,-0.7612988510423395,0.14735754596671935,1.4096568023652785,1.2432311479012381
2.269756193500519,-2.2823116150142493,4.552067808514768,-3.4046839421838136e-16,0.09945397489902658,1.002087682672234,-0.2889380303948788,-0.46930900325565306,0.8402556943988668,1.5150101887674725
2.150803773748355,-3.177364356975914,5.3281681307242685,4.144832625267251e-16,0.11845644475660067,1.002087682672234,-0.7480967120108951,0.6026138328464961,1.6966275120366696,1.1057024962902229
2.3973235041221446,-2.3067465996207335,4.704070103742878,-1.0269562977782698e-16,-0.05880188369882567,1.0020876826722338,-0.26766649385698776,-0.38495280036010504,0.8566053199761299,1.4220247147616711
2.2325160522633074,-2.8520791522404894,5.084595204503797,-4.255854927729767e-16,-0.07486839485720342,1.0020876826722336,-0.5324048661060097,0.4944088998317717,1.1777518743264652,1.0785633104570211
2.6139745676570643,-2.628572901851968,5.242547469509033,-1.4062824978585316e-16,-0.02655228815614826,1.0020876826722338,-0.25548767088608737,0.37791781045658235,1.097198564851679,1.012658330628863
1.7067956545680052,-2.873631866076803,4.580427520644808,7.697546304067752e-16,-0.07374842709519844,1.002087682672234,-0.4013716512722473,-0.21448032887323443,1.5043559757414178,1.3216467270072927
1.9497819851618412,-2.786091423959169,4.735873409121011,1.7023419710919068e-16,0.1519046916253734,1.0020876826722338,-0.5687669289480561,-0.2710584048781044,1.1987057146830782,1.5381522774899126
2.3360424419810295,-2.71191231350911,5.04795475549014,7.401486830834377e-17,-0.08603384246640719,1.002087682672234,-0.32676882752774045,-0.08266895678953823,1.129110808023398,1.326865480688382
2.4155720877727482,-2.3590740723341774,4.774646160106926,-4.144832625267251e-16,0.10006038135000042,1.0020876826722336,-0.11952661088733668,-0.14041177873760224,1.3879944521865577,1.2070860992811048
1.96683830382086,-2.411662213370328,4.3785005171911875,-4.736951571734001e-16,0.06403356353236843,1.0020876826722336,-0.22271851751037738,-0.5482485243995874,1.3660678989319635,1.39583549457776
2.413535338054624,-2.6571812577214433,5.070716595776068,-6.513308411134251e-16,0.002078763535465665,1.0020876826722338,-0.4452015223276928,-0.03498247673588217,1.4376485503102598,1.3841600407849322
2.5636829804163073,-2.4176441951874414,4.981327175603749,-1.4802973661668754e-17,-0.04488165079039935,1.0020876826722334,-0.34965408138595344,-0.38460902797786156,1.6579070776800797,1.3286676980451952
2.251045437075098,-2.9289751451766683,5.180020582251766,-2.3684757858670006e-16,0.07961206670092161,1.0020876826722336,-0.604741241758776,0.12531331818008118,1.3069616297268347,1.2488724990885438
3.339924769478731,-3.3670379384687896,6.70696270794752,-9.177843670234628e-16,-0.262181530805287,1.0020876826722338,0.5363861536377075,2.2168209749224053,0.8539484158551303,0.6432629506212147
2.664663738452868,-1.7689616877431094,4.433625426195977,1.7763568394002506e-16,-0.23980348591466588,1.0020876826722338,1.0526058853570077,0.8399014131501508,1.8889183041362623,0.7933100975056916
2.8687517260093114,-2.054513433300864,4.9232651593101755,8.289665250534502e-16,-0.5232353372342609,1.0020876826722338,1.5205413348553551,1.6470200105767212,2.719599397436218,0.7603466417189852
1.9566085345358566,-1.2607303166676078,3.2173388512034644,5.329070518200751e-16,-0.432973645675389,1.002087682672234,0.5889604812509638,-1.177426086911688,0.8910298628894925,1.807964744123391
1.8171033932707286,-1.2790750863175704,3.096178479588299,7.401486830834377e-18,-0.30972382705126805,1.002087682672234,0.43574030265023755,-1.3372215324695413,1.481313011803267,1.8440156626215258
1.8238275888280056,-1.1924672595872658,3.0162948484152716,-3.1456319031046104e-16,-0.26872841576147,1.0020876826722338,0.3899474720252993,-1.408880022762598,1.3573265978630558,1.9100573634441198
1.679501800803893,-1.328580985699324,3.008082786503217,2.7385501274087196e-16,-0.200599898397232,1.002087682672234,0.26952896221912814,-1.4688353645155077,1.4494798373539817,1.956931602581747
1.7799253689382002,-1.2559492793685472,3.0358746483067476,-5.181040781584064e-17,-0.27069904913826187,1.0020876826722338,0.3652176130247221,-1.4188787997474395,1.3999594140440899,1.9469118301685995
1.706391442225458,-1.3758717562909015,3.0822631985163595,-5.736152293896643e-17,-0.19014645249729684,1.002087682672234,0.23883720904066816,-1.4871234268405513,1.3119351431065605,1.985283338502898
1.6357988047307526,-1.4403631896613656,3.076161994392118,-4.584295905848042e-16,-0.1541803897600844,1.002087682672234,0.1855988010991385,-1.5453001328608078,1.5329269928511964,2.026188467349436
1.5817237297734243,-1.396268350123042,2.9779920798964663,-9.62193288008469e-17,-0.2315740918368463,1.0020876826722338,0.2158518846758219,-1.5824627761501184,1.2433111909344297,2.0612063750943266
1.4978772768489381,-1.3858574055850164,2.8837346824339543,-9.806970050855549e-17,-0.15193665298969614,1.0020876826722338,0.14963013105114584,-1.6110258918770048,1.5204040040519233,2.082816260444315
1.5923544820046125,-1.4660661463729563,3.0584206283775686,-2.238949766327399e-16,-0.08369511469152954,1.0020876826722338,0.0610677018867671,-1.5799255693619292,1.2141140323906408,2.0298760291893867
1.622028553497154,-1.3456890712546414,2.9677176247517956,-3.858025010572419e-16,-0.24517844819277895,1.002087682672234,0.28092462993829537,-1.5212017890419416,1.8183402855589945,2.0183477935527243
1.5135552714616352,-1.3696103161390463,2.8831655876006814,2.423986937098258e-16,-0.1565308135895982,1.002087682672234,0.15785279342629793,-1.6047634952725187,1.474766418748079,2.091991710480107
2.3315062584876824,-1.0266118592787798,3.3581181177664625,6.513308411134251e-16,-0.39206536166857864,1.002087682672234,1.1244133035448718,-0.11958642802686859,1.3325054896198134,1.2025735818293786
2.9635960627993745,-1.5109375942109566,4.474533657010332,-4.144832625267251e-16,-0.3589320397463953,1.0020876826722338,1.5139176900589957,1.2797749654913861,1.6450789115104925,0.694445026603388
2.0966487592127137,-1.8205750075557567,3.9172237667684704,7.401486830834377e-16,-0.38671993146498307,1.0020876826722338,0.5417269494840931,-0.6663006582342823,0.7291537260834247,1.3105902256990527
1.5693052376771532,-1.8190030996863555,3.388308337363509,-5.477100254817439e-16,0.23325397826620664,1.0020876826722338,-0.22012593644674905,-1.3802485956775865,1.0264312230163943,1.8648749534744335
1.3727188915074129,-1.688615650574777,3.06133454208219,-4.884981308350689e-16,0.26332959044520277,1.0020876826722336,-0.2171846429373757,-1.5187903114803045,1.222478070940114,1.9282153549619525
1.655197347101742,-1.7346451206685627,3.389842467770305,-5.477100254817439e-16,0.2835097204057362,1.0020876826722338,-0.28606993591408064,-1.3671850092107625,1.2231758219367004,1.8663284169841274
1.4189376408524124,-1.9047281916794856,3.3236658325318977,-5.921189464667501e-17,0.25685873336679405,1.0020876826722338,-0.3051527522725487,-1.3628237444664775,1.3494794522291031,1.8915578891544942
1.424049837097714,-1.7745036845932656,3.1985535216909797,3.182639337258782e-16,0.27744276738660234,1.0020876826722336,-0.30879208613113845,-1.392975544462985,1.130495524691273,1.9227203916860927
1.6268366129368557,-1.7470214589108857,3.3738580718477413,-7.290464528371861e-16,0.29004573218924223,1.002087682672234,-0.28427587180044206,-1.4057736508906609,0.9675724410906886,1.902339236276902
1.6233760286465007,-2.0618569394166695,3.68523296806317,8.881784197001253e-17,0.31014313664515136,1.0020876826722336,-0.36201777799811713,-1.0471910132663318,1.6955922191239423,1.6519135031828884
1.6184220370536835,-1.6325433911992304,3.250965428252914,3.219646771412954e-16,0.25048006837557707,1.0020876826722338,-0.2036010370939336,-1.51566963425829,0.7656899782887938,1.9839408534203626
1.3929674060437844,-1.8059555360050485,3.198922942048833,6.143234069592533e-16,0.29733661583562715,1.0020876826722336,-0.3078141492319512,-1.425827636296312,1.2303476603991073,1.9220490538410342
1.7662552402948988,-1.7985544381516485,3.5648096784465473,-1.2138438402568378e-15,0.2924007570097788,1.0020876826722338,-0.2834350099569651,-1.2475742530718017,1.0089220800273402,1.795953479485327
1.5159714532051367,-2.076165987328208,3.592137440533345,-4.625929269271486e-17,0.2527191604206434,1.0020876826722338,-0.3102976841535077,-1.3014334137761199,1.3077390088893992,1.8498468860195607
2.032687055633095,-1.678628362484903,3.711315418117998,-3.7007434154171886e-16,-0.44120138154763955,1.0020876826722338,0.37829318334759343,-1.1637557966569845,1.3055736848131387,1.7231683765206862
2.6038046285008174,-1.4428788790338276,4.046683507534645,-1.3026616822268502e-15,-0.35724865676233025,1.0020876826722338,1.1635456641619843,0.5277402491620591,1.5064495111832634,0.811063144820913
2.3004821498452013,-2.8512183212543967,5.151700471099598,-3.434289889507151e-15,-0.04874258950743873,1.0020876826722338,0.27495150901945853,-0.005617211434065794,1.752265622789191,1.118573326547903
3.268390002134316,-1.222829053362651,4.491219055496967,-9.473903143468002e-16,-0.4530316231013133,1.0020876826722336,1.7637518103403227,2.1875882338642274,0.8553831708220354,0.5801188069869813
1.8301928714628164,-1.3893973312069852,3.2195902026698016,-9.695947748393033e-16,-0.0913550351012836,1.002087682672234,0.21266684655413548,-1.3916152783276654,1.4362696387846539,1.8754603275332604
1.8075898870526999,-1.3615354184495796,3.1691253055022797,3.589721112954673e-16,-0.1700863029519138,1.0020876826722338,0.27289924785972064,-1.4057598076041042,1.3852330238560693,1.9425798273583759
1.7797656005029745,-1.409038468518849,3.1888040690218236,1.2804572217343472e-15,-0.16649996528925337,1.0020876826722336,0.2707933984285932,-1.4358335890738099,1.6352010546421198,1.9569387263877092
1.697001947590633,-1.3762271635152603,3.0732291111058934,5.440092820663267e-16,-0.14592051287464036,1.0020876826722338,0.19109430192030374,-1.495666055935449,0.950073399909374,2.002351827730327
1.7358197452618147,-1.4070244713443334,3.1428442166061483,-8.141635513917814e-17,-0.11216857121054132,1.0020876826722338,0.15968346814166332,-1.476044908317772,1.2511936140327296,1.989295483223696
1.6293989123107187,-1.3943181800848568,3.023717092395575,3.0346096006420946e-16,-0.1603237547099849,1.002087682672234,0.20739842822824917,-1.5375319434778227,1.312401465439538,2.011824520475237
1.6492860838544545,-1.4797856806805114,3.1290717645349657,-4.440892098500626e-16,-0.1168264576812352,1.0020876826722336,0.11018348843718256,-1.5706544690308297,1.1951287490273836,2.015527026775963
1.5468678407827319,-1.4259671002628589,2.9728349410455905,-9.251858538542972e-17,-0.07547000748938168,1.002087682672234,0.06516030284549472,-1.5724295329946885,1.1831335879233897,2.0353304973423247
1.6247670081971142,-1.4689358677331712,3.093702875930285,2.0539125955565397e-16,-0.12498559917326098,1.002087682672234,0.10126704869306419,-1.5844865849232528,1.1465413963514173,2.014071472752899
1.7095839049691968,-1.4097049659419978,3.1192888709111948,-3.9227880203422196e-16,-0.09526370674613152,1.0020876826722336,0.09473157085656775,-1.562904169327845,1.0043404387881616,2.005623596948123
1.5449752279636237,-1.4575273739917944,3.002502601955418,-2.886579864025407e-16,-0.11521149183779855,1.0020876826722336,0.09789264876770981,-1.6038075861699193,1.2463868908393,2.0501025391783854
1.5516998214757376,-1.4562762176707167,3.0079760391464543,-4.736951571734001e-16,-0.05755747346024555,1.0020876826722338,0.06339181475395111,-1.5692402253581423,0.9766776443301859,2.0245438814323484
4.654721352166448,-1.1116035068244585,5.766324858990907,-2.5609144434686944e-15,-0.39975133766968185,1.0020876826722338,2.2413085524130985,5.487451833543607,0.4379134763807951,0.6952018310390298
2.654071986950197,-3.5569350863317664,6.211007073281964,-1.7763568394002506e-16,0.06708494620785177,1.002087682672234,-0.7246776081369943,3.6235332200952417,1.1332887130432459,0.655245716256799
1.6217861679805845,-1.6849291882467778,3.3067153562273623,9.603429163007604e-16,-0.05403720544392912,1.0020876826722336,0.009812265664903282,-1.3115768853454957,2.7225834922711045,1.8085051276419588
1.5818375275182393,-1.8354344998501257,3.417272027368365,1.0510111299784815e-15,0.09618636345095471,1.0020876826722338,-0.16624244728646947,-1.3942765834464128,0.9674520882421506,1.9172215249235225
1.4192341098541532,-1.7546596917591024,3.1738938016132554,8.141635513917814e-16,0.14110228069480873,1.0020876826722338,-0.23311574183349848,-1.410592213681848,1.4793046714183813,1.9356820931465761
1.5364535405470638,-1.7921746786604418,3.3286282192075056,-3.6267285471088446e-16,0.18959521393415252,1.0020876826722338,-0.2865163348108265,-1.3814062918773211,1.3313330102770933,1.8807925508470102
1.3781097447605677,-1.8407790672315045,3.2188888119920724,7.808568606530268e-16,0.18407108335325673,1.002087682672234,-0.3067142117823207,-1.38616380606453,0.9776909228210526,1.9491177301210598
1.4483800810602845,-1.8639732781877958,3.31235335924808,1.0362081563168128e-16,0.18519999992822112,1.0020876826722338,-0.3037559797780821,-1.3357167076900087,1.2371023511441164,1.835475553118494
1.5683233228174909,-1.977973830863973,3.546297153681464,-2.294460917558657e-16,0.20419310874469876,1.0020876826722338,-0.3288191197855708,-1.2733015797360228,1.605734771540126,1.8763208398939573
1.552500626512274,-1.9152027672414567,3.4677033937537307,-1.4802973661668754e-17,0.1746916529279449,1.002087682672234,-0.2921427602246912,-1.3188467134317292,1.1053722768594871,1.832951803088574
1.369205348659681,-1.8564757576214723,3.2256811062811535,7.327471962526033e-16,0.1771397028024725,1.002087682672234,-0.2883762620473121,-1.382230480233623,1.559639053476599,1.9159567025359894
1.448649494574563,-1.909206880420658,3.3578563749952206,1.6283271027835628e-16,0.16078549539860104,1.0020876826722338,-0.2873311197189172,-1.3014256930454149,0.9177828869802687,1.8388289537685223
1.5275527680228969,-1.8690573335590117,3.3966101015819086,-2.4054832200211723e-16,0.1810664008944284,1.002087682672234,-0.26090730273855617,-1.3317196759945238,0.90124635104832,1.8250835121602789
1.625965222743364,-1.7950866964499663,3.4210519191933306,9.62193288008469e-17,0.09785735761150643,1.002087682672234,-0.1635433686858583,-1.3717558854579486,0.9634810753780819,1.897788543260507
2.024482799000426,-1.7664559255342345,3.7909387245346604,-1.7763568394002506e-16,-0.37241532727986953,1.0020876826722338,0.3699593341055546,-0.9139625858289389,1.4450595063948086,1.4267354337762468
2.3218973524569586,-2.9855671342775847,5.307464486734544,-8.585724723767877e-16,-0.1839140616119892,1.0020876826722338,0.29491311736866815,-0.2691745986395242,2.345867989640738,1.2614703531104086
2.0490482839251345,-1.5438998749307686,3.5929481588559034,-1.4802973661668754e-17,-0.2589502006958009,1.002087682672234,0.4070949565473138,-1.2318876999887036,1.4463785597154564,1.8214995992056804
1.573425180085227,-1.475926615885814,3.049351795971041,4.810966440042345e-17,-0.07526971515328856,1.0020876826722338,0.057830826112113896,-1.579691748682332,1.0250926007168386,2.0024373447536226
1.5299791187099698,-1.5601106506605522,3.090089769370522,-3.700743415417188e-17,-0.014632300415127072,1.002087682672234,0.02438273461122466,-1.5259387682874914,1.476698260111318,2.012486121666293
1.6048550188733637,-1.526606999478105,3.1314620183514688,-6.309767523286307e-16,-0.04409748873557295,1.0020876826722338,0.04972721765671705,-1.5095996415666073,1.4022769711832217,2.0456247500390505
1.536428102097594,-1.4871277190168035,3.023555821114398,-4.070817756958907e-17,0.027665468112019958,1.0020876826722338,0.004518967616876809,-1.5234137088816546,0.6468727380050744,2.0564424717917893
1.4705307754358696,-1.542381859750344,3.012912635186214,6.679841864828025e-16,0.014215558550969922,1.002087682672234,-0.03746475853043548,-1.5128375702806713,0.5442374911879069,2.0630279730997545
1.4353804784227275,-1.5506627890300633,2.986043267452791,-1.6422048905913775e-16,0.01913919680548534,1.0020876826722338,-0.03970686624627514,-1.555682811917183,0.744939891037356,2.107082280698565
1.4014991912730352,-1.4527423400975092,2.8542415313705445,0.0,0.03973333465237702,1.002087682672234,-0.03668515873388637,-1.5917564175106058,0.7238100759140811,2.1155322162823698
1.66028848825221,-1.8392711779264557,3.4995596661786657,-2.1464311809419693e-16,0.2228608429882372,1.002087682672234,-0.27450547787102797,-1.332852750656249,1.074962058821156,1.8271648760598924
1.6254619116544375,-1.8090466120098063,3.4345085236642436,3.848773152033876e-16,0.2057006131631411,1.0020876826722336,-0.25607121511722103,-1.3802705478948394,0.7583728751470175,1.916652776845802
1.5375291457204752,-1.620961010249795,3.15849015597027,-2.3592239273284576e-16,0.05838296400850109,1.002087682672234,-0.09078207521275775,-1.4852527512632674,0.5779695301738033,2.013437833212642
1.4407672435244023,-1.7081072333400067,3.148874476864409,2.183438615096141e-16,0.1703765533264917,1.0020876826722338,-0.18594997618280765,-1.4899436200808134,1.05357220217186,1.9752579684144393
2.457820636441214,-1.4445993058770668,3.9024199423182804,1.0362081563168128e-15,-0.46473193609004326,1.0020876826722338,1.147346601139531,0.03244666539250396,1.5727158524855809,0.9850411781937323
2.3922726495001196,-2.0922920055164744,4.4845646550165945,-3.197442310920451e-15,-0.07546291822740178,1.0020876826722338,0.12137426981402137,-0.5055578688318536,0.8704739994893523,1.2916556264210806
3.1558365498617387,-0.7540061050304026,3.9098426548921412,-1.4802973661668753e-16,-0.3724777516141293,1.002087682672234,2.1484955112589708,3.297818574375092,1.835812607549648,0.3711782500134658
2.7799548462566728,-2.061460504506146,4.841415350762819,-5.921189464667501e-16,-0.19884170866262604,1.002087682672234,0.8275865218981417,0.3005051396365932,1.1932475788102983,1.0410994875315844
2.875169281875051,-2.1655998548806026,5.040769136755653,8.881784197001253e-17,-0.2594988508625138,1.0020876826722338,0.8210098136910262,0.3388064321611428,1.13549632167916,1.0885814296822034
2.1701340224045933,-1.975506282311579,4.1456403047161725,9.103828801926283e-16,-0.19792198748658796,1.002087682672234,0.479896468533367,-0.5709153670143854,1.281582745047512,1.5355563053541215
2.7081737634364327,-2.2974514767015037,5.005625240137936,0.0,-0.1586398190707795,1.002087682672234,0.3804739786781087,0.22046054836905826,1.3584302869264853,0.9354544313496104
2.5333048860231933,-2.314091093881433,4.8473959799046265,-1.3840780373660285e-15,-0.051083097004954586,1.0020876826722338,0.31922986141550863,0.1716439582275755,0.8213025031656164,1.0232344235827053
2.5487641026382577,-2.1667502431708905,4.715514345809148,-1.186088264641209e-15,-0.15697685607604417,1.0020876826722338,0.3421971362136825,0.11201366773075394,0.7872262225967249,1.1752918541049664
2.692974758321065,-2.296274917695472,4.989249676016537,-7.512509133296893e-16,-0.13614175274633278,1.0020876826722338,0.3830691752757059,0.25347737951755756,1.4930372153503961,1.108683139410752
2.679883623660928,-2.5150381916801203,5.194921815341049,-2.6645352591003757e-15,-0.15350077395330708,1.0020876826722334,0.5520794367716167,0.4245417927727404,0.9842244678702727,0.9752108543608397
3.042959637844001,-2.164076103773799,5.2070357416177995,1.2878587085651815e-15,-0.14127501263121972,1.0020876826722338,0.40049560342644064,-0.02578994289518599,0.7998934123148518,1.2699132227426748
3.199579151199902,-2.398350341803248,5.59792949300315,4.884981308350689e-16,-0.08431319410042583,1.0020876826722336,0.530735792928762,0.45478402993924494,2.115195505259006,1.0373402669132823
3.3484483477633833,-1.4709510874176464,4.81939943518103,-1.3470706032118565e-15,-0.31507442515904205,1.002087682672234,1.3700718548124615,1.4452192959609755,0.42519211392455875,1.0989798863613773
2.959535654928718,-1.6346946326556022,4.59423028758432,-7.105427357601002e-16,-0.3564052179568299,1.0020876826722338,1.3675797501753146,1.085140490778591,2.1590211067979936,0.7569880608584956
2.6371432115849514,-2.3064248803869254,4.943568091971876,1.691239740845655e-15,0.034821013422491914,1.002087682672234,0.11213071005849744,-0.3596829067531302,1.1623712434693048,1.442701942881978
2.5996382809173455,-2.026815782052139,4.626454062969485,1.6135241291218942e-15,0.025466345388172485,1.002087682672234,0.06153903240358987,-0.7403943978201304,0.6834262474077117,1.5463357782951292
2.751739042441344,-2.3170446908249827,5.068783733266327,-6.1728400169158705e-15,-0.018129469036126368,1.0020876826722338,0.25604338718583386,-0.24680161123210675,0.7536873749867531,1.3510469025798253
2.587733535813918,-2.1035710432971055,4.691304579111024,7.638334409421077e-15,0.10232701126043686,1.0020876826722338,0.08802835193967716,-0.7526236474477037,1.5701648337305851,1.6023393287188101
2.798105372279508,-1.8429484212464406,4.641053793525948,3.4916514124461172e-15,0.04866519268748176,1.0020876826722336,0.3947303127395015,-0.30893424767436395,0.9803790521848562,1.318099190317017
2.8881360046102618,-2.4226472523570117,5.310783256967273,4.322468309207276e-15,0.08532257629456724,1.0020876826722338,-0.06355191903812302,-0.5290046304863125,0.8156481892768488,1.5851828425030743
3.0672781219045286,-2.3793090579332024,5.446587179837731,-1.8577731945394287e-15,-0.013700874425534748,1.0020876826722338,0.33706883501971135,0.08769383441480816,1.2732192807855607,1.2375388671639447
3.044448690318106,-1.8847904079351352,4.929239098253241,5.654735938757464e-15,-0.03126203369109107,1.0020876826722338,0.25703214169197386,-0.31020104210103083,1.4405862795169924,1.358101342798165
2.8812997871752435,-2.0329007130798553,4.914200500255099,5.575169955325995e-15,0.0176361819444028,1.0020876826722336,0.31220442344260424,-0.12585098133116324,0.9773659116653995,1.30187005591474
2.9003598525310346,-2.563557297555908,5.463917150086942,8.955799065309597e-15,-0.02661475920397173,1.002087682672234,0.2420531257992376,-0.11271614517192052,1.0489849246828002,1.403880079436072
2.314811988677402,-1.24263743803932,3.5574494267167216,-2.9605947323337506e-16,-0.49983270332276275,1.002087682672234,1.0999360189708334,-0.3367310481756336,0.7512505892513006,1.2550573093608928
2.485343431898129,-2.4813268593341142,4.966670291232243,1.0362081563168128e-15,-0.044897907117224994,1.002087682672234,0.06295872098255087,-0.4390328406464068,2.585683389160916,1.3928272621312296
3.274891213077273,-2.183529511572982,5.458420724650255,-1.1842378929335003e-16,-0.021800474683550744,1.0020876826722338,0.5344802479041358,0.5786028384941804,0.8016067976911735,1.185681413379613
2.8260317687350365,-2.28838384372857,5.114415612463606,9.917992353318065e-16,0.08501998372483466,1.0020876826722336,-0.06977020213609815,-0.1765418292090084,0.4156211273637489,1.3407715110204792
2.387982077647278,-2.5590304507996957,4.947012528446974,-3.552713678800501e-16,0.06552997390718736,1.0020876826722336,-0.30620907654188634,0.05886050343699045,1.3254998220661212,1.0824067675413391
2.894648679627816,-2.5034569555626005,5.398105635190417,5.477100254817439e-16,0.041717522290963885,1.0020876826722338,-0.1910102662476606,0.5689773765654236,1.3645842900742982,1.0087960156061395
2.487449744231531,-2.396293133120612,4.883742877352143,6.957397620984314e-16,0.10346404139331813,1.0020876826722338,-0.19372365383107443,0.17756287665020976,1.1669156272334895,1.1375273645729354
2.621572530096081,-2.555903050761658,5.177475580857738,1.9984014443252818e-16,0.026323035073783946,1.0020876826722338,-0.1709363451621309,0.21387537501757015,0.592579756196602,1.1295981026034836
2.4596936412886508,-2.488395589565842,4.948089230854492,1.313763912473102e-15,0.08491774826432355,1.002087682672234,-0.20704870720465773,0.2980280465778735,0.5333784537456377,1.0171811196798004
2.5044004947628724,-2.301593742852301,4.805994237615174,-2.061314082387374e-15,0.03491167455388386,1.0020876826722336,-0.03846135582295249,-0.14726071034665056,1.3390992371659673,1.2740376690040018
2.7309834698282076,-2.3825644869996863,5.113547956827894,-8.807769328692909e-16,0.020417988639358127,1.0020876826722338,0.020550714375592048,0.06512962765601094,1.5018046492145325,1.228548845409716
2.926295226333591,-1.3617779097610916,4.288073136094683,-1.6283271027835628e-16,-0.4775329428409585,1.0020876826722338,1.2216373332915298,0.7471215831426492,0.9801978945575016,1.3178897911384375
1.7654816853653008,-2.024309948395833,3.789791633761134,-3.9968028886505636e-16,0.1672163149778217,1.002087682672234,-0.13789197813291418,-1.0869244635688275,1.1538120443184972,1.7175741213524292
1.7265334973764679,-2.114226225906345,3.840759723282813,1.7763568394002506e-16,0.24089480581882733,1.0020876826722338,-0.426377975656122,-1.0415119369498442,1.0583613366589817,1.670168780059621
2.1009634050779575,-1.7903663740537967,3.8913297791317545,-7.401486830834377e-16,0.15417448164676528,1.0020876826722336,-0.017616190974573887,-0.8942837934410486,1.158826650952763,1.5796731960050843
2.2956451192262315,-1.6218368835912529,3.9174820028174846,-7.697546304067752e-16,-0.09002260338837409,1.002087682672234,0.27396452973009666,-0.7171469266084824,1.344736299029501,1.5644452094869017
1.8143609436398218,-1.9586882550680191,3.7730491987078407,-2.231548279496565e-15,0.09928233841361067,1.0020876826722338,-0.12510640621368393,-1.230964693766745,0.7465981051330839,1.7904104169768114
1.6993374342873038,-1.7649397646045604,3.464277198891864,-3.4601950934150713e-15,0.02556682364631504,1.0020876826722338,-0.06730675588283504,-1.3568294963058163,0.5304611380790308,1.819872513878527
2.1039184366076147,-1.8086874868324057,3.9126059234400206,1.4025817544431144e-15,0.03870936161379703,1.0020876826722338,0.06482177063470165,-0.960529936055615,0.3599924558060707,1.6699493563152592
1.8102038807612135,-1.6472829321597202,3.4574868129209335,1.8503717077085943e-16,0.06872029666584378,1.0020876826722338,0.007361955370215188,-1.23325758048073,1.0913552713851953,1.770536451495063
2.3492460861765467,-2.3086007349670123,4.6578468211435595,-5.551115123125783e-16,0.06702889692853607,1.002087682672234,0.027329900168718526,-0.10710958230724543,1.189452962777154,1.2163022950188822
2.4383817087731288,-2.472945777948264,4.911327486721393,-9.140836236080455e-16,0.0050854127123102465,1.0020876826722338,0.13175108878427358,-0.4946397005823622,3.6482146065470418,1.6001509091848596
2.617550836730145,-2.2453512282360197,4.862902064966165,-7.697546304067752e-16,-0.23655108833778407,1.0020876826722338,0.3978771718062503,-0.24041832922534967,1.4929395260443665,1.371496231447472
3.310804283291587,-1.8609144477073039,5.171718730998891,-2.3980817331903383e-15,-0.10479532473836639,1.0020876826722336,0.4771842119849671,-0.014594683602180858,1.5845484708945263,1.4455235953571293
2.6942861010356483,-1.8303636877128764,4.524649788748524,-6.561418075534675e-15,0.023096851356767673,1.0020876826722338,0.14779948748939992,-0.6253277265989845,1.2961514203675288,1.4585804521923666
2.6267439955391088,-1.8268247255349328,4.453568721074042,1.3104332433992264e-14,-0.04664102341336841,1.0020876826722336,0.33118579504784607,-0.6901248292702902,1.450017875670466,1.615461864362619
2.905440985549273,-2.1791305871099826,5.0845715726592555,5.19954449866115e-15,-0.01198015766745696,1.002087682672234,0.37718513665530545,0.023419182603072297,2.125047259234319,1.3759336049341007
3.1791561716715493,-1.9522692120725775,5.131425383744126,-9.806970050855549e-15,-0.06684674529336365,1.0020876826722336,0.455888409723593,-0.10256198093625724,1.4617972146839928,1.4277273523561005
3.2978386687218926,-2.24083171303695,5.538670381758843,-8.644936618414552e-15,0.00877194858825802,1.0020876826722338,0.3580231339480862,0.1975959449614404,1.339589340640033,1.234686745736369
2.3980605879970662,-1.8764364494677876,4.274497037464854,2.5905203907920318e-15,-0.04962424826756681,1.0020876826722338,0.1474491940075364,-0.8038684578208568,0.8254910979900781,1.5668802764431335
2.935407596281088,-2.6059260811510128,5.541333677432101,6.180241503746704e-16,-0.03504971454800952,1.0020876826722338,0.14610991969938825,0.019805173576164847,1.167190193438321,1.4021846232148825
2.4834817127658204,-1.8543723227817788,4.337854035547599,-3.4712973236613227e-15,-0.13531878819159543,1.002087682672234,0.3214801514500192,-0.5619842531710662,1.2411410374415974,1.4795062954777056
3.108994848550917,-2.2321315268913344,5.3411263754422516,4.588921835117314e-16,-0.07872383339623307,1.0020876826722338,0.4400464424161846,0.39899288617166206,1.7218455332813427,1.1635885376318464
3.7888164217857003,-1.8689707811011131,5.657787202886814,3.937590994003889e-15,-0.08098050215081756,1.0020876826722338,0.9658133475511207,1.89372692224953,1.0774677244113395,1.0439438419291767
2.8632688749627375,-1.4599971941423857,4.323266069105124,3.848773152033876e-15,-0.30519900098034713,1.0020876826722338,1.0884526426037011,0.4709402250098451,2.258189901507156,1.2048212737183015
3.352807334553281,-2.5475022068566884,5.900309541409969,-3.9968028886505635e-15,-0.07845492183460621,1.002087682672234,0.29342398280849463,0.6352356153490692,0.8891409695980124,1.1163185439915007
2.5310113437939097,-1.5568126331323684,4.087823976926278,1.896631000401309e-16,-0.21408953806387063,1.0020876826722338,0.6725799089151218,-0.5137717029011082,0.6384475726976531,1.4156620267029556
2.6888449659802838,-1.7160813612197452,4.4049263272000285,-6.572520305780927e-15,-0.20446047904301662,1.002087682672234,0.714157284729941,-0.13569751087172843,0.9182512792650435,1.385060381733812
2.5843929838077475,-1.9254284103045907,4.509821394112338,-1.7726560959848333e-15,-0.12509647369059676,1.002087682672234,0.39146817896942676,-0.5303109999027704,1.163830790223044,1.3900891867213279
2.1483110138508263,-2.1483981038485864,4.296709117699413,-2.9013828376870757e-15,-0.05571124899457432,1.002087682672234,0.2921030676087412,-0.8169866421110159,1.0696410873217153,1.5853144357686597
2.798957395320169,-2.0388794491469215,4.837836844467091,-2.028007391648619e-15,-0.2545080196199602,1.002087682672234,0.6536775766812345,-0.14357969341451726,1.0409952850201614,1.2459511228412894
2.974090775074294,-1.647724909838389,4.621815684912683,-1.6579330501069005e-15,-0.18259391559042923,1.0020876826722342,0.692482981579331,-0.2793152871180129,1.414563964342425,1.315928177265075
2.5337155531889235,-1.7925515419827271,4.326267095171651,-7.697546304067752e-16,-0.20705192253574495,1.0020876826722338,0.5694408587476495,-0.47195925061772215,1.4749174171767498,1.4410295100646056
2.8257100827384436,-1.7757898669074041,4.601499949645848,-4.9441932029973636e-15,-0.17416544170165682,1.002087682672234,0.6203093627559166,-0.3807547304179084,0.5519695038656176,1.3165491408802508
2.3760668204987723,-1.6911299367562906,4.067196757255063,-5.958196898821673e-15,-0.23060207622046797,1.0020876826722336,0.5504633211372528,-0.7308797538999054,1.6203762192460056,1.521817036799065
2.5867153002052365,-1.6195915469430544,4.206306847148291,-8.030613211455299e-16,-0.33038611600022405,1.002087682672234,0.8731641297019065,-0.18763594893187463,1.1040827809732014,1.3016666451454793
2.757255293701466,-2.2916391860952148,5.048894479796681,-1.0695148470555674e-15,-0.20533369026829734,1.0020876826722338,0.6596270188997949,0.04661218036147474,1.4718206027176928,1.3874844696408133
2.6492213668794777,-1.821198814930359,4.470420181809837,-2.390680246359504e-15,-0.241210492578939,1.0020876826722336,0.7105756987633276,-0.19329964690154755,1.2330436077850913,1.3061194424913045
2.5421069135331673,-2.0684709188701564,4.610577832403324,2.4646951146678474e-15,-0.23249683262223808,1.0020876826722338,0.566135107970712,-0.3672755321016221,0.5273687689669514,1.368207110725323
2.2502196702552695,-1.660848135047652,3.9110678053029213,5.998905076391262e-15,-0.2974526797159937,1.002087682672234,0.6273090393555264,-0.5475759902756119,1.272969706600352,1.4242921172785838
2.42741160055528,-1.6168669703766194,4.044278570931899,-4.011605862312232e-15,-0.2543230350535268,1.002087682672234,0.7664499940293851,-0.3191017260737028,1.0132016627954545,1.3099540292464051
2.3047486930992656,-1.8215286068317822,4.126277299931048,-4.263256414560601e-15,-0.22176337241101982,1.002087682672234,0.5659414373403092,-0.5895069123051915,0.9572330002411572,1.3088143421310332
3.382659491764444,-1.5649300568292663,4.947589548593711,-1.791159813061919e-15,-0.2662951625362529,1.002087682672234,0.6945490272985849,-0.28845238443052423,1.1128178290124013,1.4803958119481155
2.7727243539729214,-1.7512386837288527,4.523963037701774,-3.175237850427948e-15,-0.24539645037920635,1.0020876826722338,0.6573719445340545,-0.40605395973817693,0.8474195630423579,1.3830370168665465
2.7333014607659813,-1.574333952509596,4.307635413275578,-5.921189464667501e-17,-0.21224918628743228,1.0020876826722338,0.8075371617589755,-0.22453392225108892,1.5047204044920144,1.2949729509120875
2.8058541908748458,-1.58634453802212,4.3921987288969655,-2.0724163126336256e-16,-0.16271705559835614,1.0020876826722336,0.622724068962778,-0.29807546303488053,1.2617327407805556,1.4173529247353935
3.040076727340568,-1.6984561314320277,4.7385328587725954,-1.2434497875801752e-15,-0.18359748779623192,1.0020876826722338,0.9795686095020566,0.7531277199739219,1.219865502854788,1.109044798333562
2.887557688923703,-1.1114394760828337,3.9989971650065366,-1.983598470663613e-15,-0.33299966355947086,1.0020876826722338,1.4337916839892098,1.1508455930907218,1.2987962895995673,1.0946465056052586
2.7178797245566337,-2.337985017731433,5.055864742288067,3.0198066269804257e-15,-0.029525793823191357,1.002087682672234,0.25653032247792457,-0.324524031737619,1.7859034807978307,1.4851468009862647
2.14032672813919,-1.9497041062918978,4.090030834431087,2.8717768903637383e-15,-0.035548330243607054,1.002087682672234,-0.021330244127272965,-0.977266337380847,0.7599260394963241,1.659374379766558
2.2277240523582758,-1.854354966515986,4.0820790188742615,2.1316282072803005e-15,0.12529546707730474,1.002087682672234,-0.014896686831531086,-0.9267790309182362,1.0723303016062469,1.6731363535786747
2.4775866783188043,-1.8977439807093914,4.3753306590281955,-1.6431300764452318e-15,0.07023026249620222,1.0020876826722338,0.03214741471971349,-1.0277436323665643,1.262024777284958,1.7319053874087387
2.0100249818189617,-1.8744041744122828,3.8844291562312447,-4.044912553050987e-15,0.06005377250220123,1.002087682672234,-0.08839072380995218,-1.0738222408025524,1.2993953590666985,1.7350523121297776
2.267594280265284,-1.8047275134913565,4.0723217937566405,3.1382304162737757e-15,0.029450347022503594,1.0020876826722338,0.03935455289158229,-1.1045096075621894,0.6904137480212449,1.7621591602280704
2.386546557526787,-2.058537156336287,4.445083713863074,3.0346096006420946e-16,0.00030657149396731074,1.0020876826722338,0.21325807337368097,-0.627127758420273,1.1047957965956026,1.4736858945656506
2.4777849151292157,-1.9319864652520349,4.409771380381251,4.292862361883938e-15,0.03309857943994092,1.0020876826722338,0.16671447201685732,-0.8146526387434121,1.0302334096060854,1.666864677765417
1.8918303346418357,-1.9270486241104345,3.8188789587522702,-2.231548279496565e-15,0.1979245906157537,1.0020876826722336,-0.07762747529116082,-1.208817101581492,1.063390265237706,1.7580443317091916
2.009586739359858,-1.966591893478247,3.9761786328381046,1.2804572217343472e-15,0.1395596355820294,1.002087682672234,0.030805949024894645,-0.9740191619650611,0.7526850445467562,1.5821582324919967
2.2742594399993217,-1.6610681216535554,3.935327561652877,-1.1842378929335002e-15,0.0804040236199619,1.002087682672234,0.11963826257697474,-0.9452659243224772,1.4983756634674157,1.6724860706560587
2.255722896751801,-1.9773069755019903,4.233029872253791,8.807769328692909e-16,0.07534495717180342,1.0020876826722338,0.08278578405311188,-0.7134246663643542,0.7336524408893829,1.5293389414684841
2.3086563719106685,-1.820222802385382,4.128879174296051,9.325873406851315e-16,0.06101219999451488,1.0020876826722336,0.07396325805760522,-0.9341050878569215,1.449716999297656,1.6146707551186603
2.147858092233354,-1.880221771239105,4.028079863472459,-1.6505315632760661e-15,0.14169158297942097,1.0020876826722336,-0.009700881669608584,-1.1792241455064985,1.0423979708932238,1.751124626311068
2.1222044782724256,-1.8798901674888309,4.0020946457612565,-1.5543122344752192e-15,0.08727856854657395,1.0020876826722338,0.023956025875400043,-0.9640554195501227,1.132147309897936,1.6570614141175215
2.4603147957663847,-1.9825916027359904,4.442906398502375,2.6053233644537005e-15,0.08359289546474258,1.0020876826722338,-0.017625410637079796,-0.9860432706784228,1.724642612310122,1.7147573640964093
2.2796432098950286,-1.6339441415535139,3.9135873514485424,1.787459069646502e-15,0.0003894998527230227,1.0020876826722338,0.18936268540771714,-0.9636266923934187,0.9007656009592773,1.7108264054469131
2.0238547592123495,-1.8139989035086543,3.837853662721004,-2.2130445624194787e-15,0.031527315414839725,1.0020876826722338,0.02269045472154367,-1.2435518453528986,1.3113218265686193,1.818717557397385
2.5066273924078404,-1.9920460310248562,4.498673423432697,2.4831988317449335e-15,0.04593616436861532,1.0020876826722338,0.11129439437264974,-0.678837427538538,0.6679025302069395,1.5269040578429642
2.2707967369138946,-1.8719468966772632,4.142743633591158,6.243154141808797e-15,0.010183953787843487,1.0020876826722338,0.040258454390223554,-1.0971324392421387,1.1219901649432689,1.7209159162172045
1.9645908200180617,-2.226896127347224,4.191486947365286,1.5987211554602255e-15,0.1622818841409503,1.002087682672234,-0.2457121818338958,-0.8620399783391473,1.2964837787213523,1.637905885329325
2.0550882965484796,-1.794403034372304,3.8494913309207837,3.0346096006420946e-16,0.08258521409918501,1.0020876826722338,0.09566082678009127,-1.1461964058846685,0.5151013360211398,1.6975982811276245
2.4227867874598497,-1.6234386972495185,4.046225484709368,-4.51490696680897e-15,-0.016947638828910656,1.002087682672234,0.19255597260103752,-1.0156738565253214,0.9927057903997375,1.6414480312036983
2.198631122588529,-2.258741663018556,4.457372785607085,-2.960594732333751e-17,0.027358253812221726,1.0020876826722338,-0.07442200296697808,-0.8204063914572193,1.305002554544066,1.5666237471927977
2.6333268430657997,-1.7927897479093988,4.426116590975198,2.3536728122053318e-15,-0.03387173052359935,1.0020876826722338,0.18300137254209997,-0.9925228221774414,0.5941169527037511,1.7845987770432754
1.8768260494218179,-1.9680844756193716,3.8449105250411897,-1.8799776550319318e-15,0.07495035675826434,1.0020876826722338,-0.07002641447149115,-1.0223237620471752,0.9891473649482527,1.6805709705726335
2.1707812066102035,-1.6417897614025772,3.8125709680127806,6.069219201284189e-16,-0.02589946397627529,1.0020876826722338,0.10825694409377466,-1.108431049266449,1.0654727182142893,1.760569905173695
2.9553526153015297,-1.6417716316789888,4.597124246980519,1.7171449447535755e-15,-0.12208426175078324,1.0020876826722336,0.46961850651039544,-0.5048940697325266,0.5234697318303753,1.5271333969110068
2.724495355071786,-1.6773303077803228,4.401825662852109,1.7763568394002505e-15,-0.005146605533999742,1.002087682672234,0.4119130024226783,-0.4564812195986243,1.0496803881740242,1.5455569452139333
1.8752300505573751,-1.8632690632849394,3.7384991138423143,-2.3684757858670006e-16,0.13039750160522623,1.0020876826722338,-0.028016928190186564,-1.2199397494762991,1.1169518708290571,1.789946750554653
2.153815171089404,-1.694252347117598,3.848067518207002,-1.6579330501069005e-15,-0.08369957976434161,1.002087682672234,0.23627813625906577,-1.1080591346374933,0.8237908153299208,1.681541756390366
3.851063197231077,-1.634528872083485,5.485592069314562,1.7171449447535755e-15,-0.3310618372010813,1.002087682672234,1.6327878321882818,2.821754432018176,2.4779240861861784,0.8996303954482359
3.7487462543172816,-2.3828980235141524,6.131644277831434,-2.9872400849247545e-14,0.006630518324426592,1.002087682672234,0.7670187818515474,1.9240772505431494,1.4523041494843318,0.9564503122511645
2.381087582470259,-1.2682901103388609,3.6493776928091197,1.5395092608135505e-15,-0.3656691671560046,1.002087682672234,0.6860998686417358,-0.8396124259620952,1.83012414213927,1.7250298698032007
2.3139614628919465,-2.0992718866652553,4.413233349557202,-2.331468351712829e-16,-0.02332004768833812,1.002087682672234,0.0630198942807641,-0.918957200281096,1.5487458064609745,1.6100539923429684
2.2081028839182633,-2.1363506805826082,4.3444535645008715,-3.552713678800501e-16,0.06773962391922263,1.0020876826722338,0.001346973838220217,-0.8584420927287093,1.406550882163957,1.5773143405268701
2.2612517730302404,-2.080423129844291,4.341674902874532,-1.5247062871518816e-15,0.04351862373073482,1.0020876826722338,-0.0720303283444067,-0.987831336297178,0.8366932580616845,1.6813598771736338
2.3574799574236533,-2.1006925799561533,4.458172537379807,-7.697546304067752e-16,0.05400315987527467,1.0020876826722336,0.05116864025534839,-0.8550426418443915,1.0656119626098968,1.7024796652868917
2.0615356623126604,-2.007507807599504,4.069043469912165,1.2952601953960159e-15,0.06884277121727006,1.0020876826722336,-0.14639718208552885,-1.0897617592297943,1.1801797025518657,1.7043246455490615
2.4589914449504904,-1.8614427802146647,4.320434225165155,-2.1686356414344726e-15,0.018291998870744876,1.0020876826722338,0.0771119406195144,-0.9374245063527855,1.6031350636396684,1.6500218471215016
2.1879960177430244,-1.7911573714816107,3.979153389224635,2.3240668648819944e-15,0.00016278733181162588,1.0020876826722338,0.04607193380976442,-1.067763255979567,0.6828734299109959,1.6829115504878898
2.3550201292733806,-2.0016215532200268,4.356641682493407,4.2928623618839387e-16,0.01795317198567638,1.002087682672234,0.01980098081196566,-0.8613215053326746,1.253746357257139,1.5651207864797285
2.194540963247015,-1.8801031852664627,4.074644148513478,-2.960594732333751e-17,-0.05049207705691522,1.0020876826722336,0.06701434872552164,-0.9840871755318941,0.7902310988212647,1.634151758723267
2.2192297051839063,-1.9537695434311946,4.172999248615101,-6.291263806209221e-16,0.006715278861600362,1.0020876826722338,-0.023737804611177984,-1.0572140429979786,1.4162085790043377,1.7291221035405802
2.4519469482092764,-1.7150182363929558,4.166965184602232,8.974302782386683e-16,-0.02233513683679527,1.0020876826722338,0.1392295272297321,-0.9660562276564395,0.6983300641694405,1.6903892076293836
2.3616985525953647,-2.033138577566835,4.3948371301622,9.473903143468002e-16,0.0777694852511161,1.002087682672234,-0.011714997765010495,-0.8790926107882018,1.3194953414935322,1.6542380863208315
2.212839156492771,-1.904161839606658,4.117000996099429,-2.331468351712829e-16,-0.014518034595302237,1.0020876826722336,0.09932942998389886,-1.0544273830203088,0.7891431497381852,1.6976461299577006
2.0388579424805755,-1.793602950668536,3.8324608931491113,5.921189464667501e-17,-0.00910458881842706,1.0020876826722336,0.0068744677468609945,-1.2098685009172496,1.4706524739380902,1.7523144917143347
2.1365162565434312,-1.8684827106554347,4.0049989671988655,7.188694084447888e-16,-0.007781282774419347,1.0020876826722338,-0.037735765892548394,-1.0122308179900839,0.4861362248292554,1.6203093178357506
2.4114740670922115,-1.9437651683257602,4.355239235417971,7.845576040684439e-16,0.05583908136450298,1.0020876826722338,0.10084459604123759,-0.9346972115663985,1.5536928127903198,1.6504574311365632
2.398321680022787,-1.9405854430536882,4.338907123076475,-1.2286468139185065e-15,0.08733274666348226,1.0020876826722338,-0.056274310098963796,-0.9229698719431205,1.1370952304889412,1.6150348164494601
1.958134646020703,-1.9643105887896042,3.922445234810307,1.9687954970019444e-15,-0.015010437465528773,1.0020876826722338,-0.021372376171503723,-1.2126778391175403,1.2702741000034905,1.7646008681628673
1.9718037463936282,-1.8602029199174743,3.8320066663111025,-4.662936703425658e-16,0.016467769357649646,1.0020876826722338,0.024920360625999113,-1.093679629432739,1.0610460138300621,1.696988130905142
2.3668348754345687,-1.9095168847123958,4.276351760146964,-1.2286468139185065e-15,-0.024274313562777677,1.0020876826722338,0.07022952616064049,-1.0354535288800493,0.969705059616509,1.717389153847197
2.221116560629531,-1.9774837604143647,4.198600321043896,3.9968028886505636e-16,0.12868678302427636,1.0020876826722338,-0.14616031825685002,-0.7776037726326357,1.0362619099456247,1.5634258495526363
1.9945876540121463,-1.9798744496694691,3.9744621036816152,1.4506914188435379e-15,-0.01565632889250939,1.002087682672234,-0.024192273015582782,-1.0714925081212767,0.946061248468646,1.7058274352160796
2.0925764553396786,-1.8870220767745223,3.979598532114201,-7.364479396680206e-16,0.0463827020955591,1.0020876826722338,-0.01107765620474949,-1.1046975953434255,1.3749258730475185,1.6992446596484523
2.3742546469959045,-2.06416709731085,4.438421744306755,-6.661338147750939e-16,-0.004117029609287966,1.002087682672234,-0.02906299635105401,-0.8786158178448531,0.6969053163301735,1.5987894767211093
2.2731435971000655,-1.9388780084474797,4.2120216055475455,3.774758283725532e-16,0.0706732270728434,1.0020876826722336,-0.009082666487634592,-0.9462699482617931,0.5615230278783502,1.6294452730707807
2.1775907163199952,-2.2804908763976877,4.458081592717683,2.627527824946204e-15,0.113991999004568,1.002087682672234,-0.22243335408970144,-0.6647835316953472,1.1550692683664034,1.4772607188991538
2.1955000988697564,-1.9808706252354034,4.17637072410516,1.5543122344752192e-15,0.004217966494108969,1.0020876826722338,-0.0023858900352007814,-0.9718501699113147,1.0532540526248528,1.6321561684057848
1.8912527984928116,-2.416140364898501,4.307393163391312,-4.144832625267251e-16,-0.36988399673357203,1.0020876826722338,-0.1459824797385919,-0.8653229645836116,1.0003170961194756,1.669850077681854
2.2476481908368084,-1.4192765033119108,3.6669246941487192,2.338869838543663e-15,-0.19134638510327015,1.002087682672234,0.410278201886887,-1.086717339621297,1.9254624996719276,1.8263030507450355
2.0226666822642705,-1.6816323348973143,3.704299017161585,6.217248937900876e-16,0.09926321247725325,1.002087682672234,0.05246856544212873,-1.117541186564236,1.3589650800957702,1.6004051831104196
2.092535653697109,-1.5691059454591312,3.6616415991562405,-1.2434497875801752e-15,-0.21040131478140983,1.0020876826722338,0.43652681168979224,-0.8997062616391847,0.8088594498077696,1.5962770455292876
2.820425000088319,-1.7066243659091525,4.527049365997471,5.033011044967376e-16,0.00787618334884555,1.002087682672234,0.5641767007028909,0.01838377515218781,1.129489545643121,1.4488137307732036
1.8949995325527687,-2.112410989456699,4.007410522009468,7.549516567451064e-16,0.0010295252324228335,1.002087682672234,-0.04393756163822916,-0.8327333995820108,1.2576186265210108,1.6318622098083742
2.1000874360544413,-1.432258943727183,3.5323463797816244,-4.723073783926187e-16,-0.3164610341994337,1.0020876826722338,0.42814397452036995,-1.1950357650806516,0.810047086176089,1.7782989416479198
2.0961851531833253,-1.8635033773287117,3.959688530512037,4.736951571734001e-16,-0.0571499175052856,1.0020876826722338,0.09966052775125012,-1.0309862078117926,1.3615501759190762,1.6430724006380748
2.259002535910961,-1.663765315297121,3.922767851208082,6.291263806209221e-16,-0.1853347729589307,1.002087682672234,0.3003788537737072,-0.9366335119555664,0.48906820630346626,1.5862777818358451
2.5870026742368086,-1.6285556950350757,4.215558369271884,-3.552713678800501e-16,-0.12689159061252167,1.0020876826722338,0.49784169938396255,-0.4111363913634749,0.8200377539710716,1.4937980400503759
2.3130411226974688,-1.5080833217851992,3.8211244444826677,-5.921189464667501e-16,-0.009042691958361451,1.0020876826722338,0.25414579414258215,-1.03432035799584,1.498801390785278,1.7431677892811492
2.0986383078217883,-1.8045312342297062,3.9031695420514945,-4.810966440042345e-16,-0.18552779247864126,1.0020876826722338,0.15822077654748332,-1.1164894793095317,0.6049658180026756,1.7735750963061037
2.0038161369409475,-1.711910102236566,3.7157262391775134,-4.736951571734001e-16,-0.3347479952075032,1.002087682672234,0.36530636452751275,-1.0389600790715507,1.2690451503338762,1.659275257268881
2.087852483033415,-1.7834503231373122,3.871302806170727,-2.3684757858670006e-16,-0.17223572434114479,1.0020876826722336,0.1696518725448029,-0.790731610650087,1.0336486854480864,1.4464983703372547
2.148479261585714,-1.7238537792069282,3.8723330407926424,-2.6645352591003756e-16,-0.11967088885797281,1.0020876826722338,0.22759283868394412,-0.8205374471193285,0.7581682794399243,1.5389460325684337
2.2943504209835726,-1.6637508224149717,3.958101243398544,1.7763568394002506e-16,-0.09585561100060924,1.0020876826722336,0.4174332371013987,-0.6107347314675748,1.2358230884265398,1.521843390427062
2.066382806190052,-1.6236379038714683,3.6900207100615203,-1.7763568394002506e-16,-0.05321602976845963,1.002087682672234,0.295262271562558,-0.9940995276279363,0.5394001388478055,1.5721084601332413
2.182371841317097,-2.125231060455775,4.3076029017728725,0.0,-0.0425256914838472,1.002087682672234,0.05233506363685284,-0.693106100046319,1.4988349374030965,1.5501120691134855
1.7662841764074557,-1.596597557992629,3.3628817344000845,7.119305145408816e-16,-0.2028884005384596,1.0020876826722338,0.19758606219429078,-1.3156635028359869,0.7626524181735533,1.8075764934375127
1.967092789199622,-1.938268037253559,3.905360826453181,4.736951571734001e-16,-0.0789103877891916,1.0020876826722342,0.0941162651175965,-1.1136182751287638,1.3054569246844152,1.807497046522004
1.6709871083425258,-2.27011143165718,3.941098539999706,-2.0724163126336256e-16,0.07206860078573572,1.0020876826722338,-0.46702469915785777,-0.5128173473824584,0.6781322143925561,1.3483153558452
2.4667962932481626,-2.3864900439371026,4.853286337185265,-1.3174646558885191e-15,-0.1126444918084758,1.002087682672234,0.22052984941617498,-0.40846354192719625,1.1305991829036728,1.4417437538528477
2.035024866244976,-1.8242210825030147,3.859245948747991,3.4046839421838136e-16,-0.13306463291872137,1.002087682672234,0.24834998196150676,-0.960131706481576,1.2039338776463822,1.6057791147114244
2.227028350232693,-2.2119615839171356,4.438989934149829,1.3988810110276972e-15,0.0371411456816477,1.0020876826722338,-0.1720291932800332,-0.546663441765789,1.3467633393176424,1.3642518378859294
2.2338248170985193,-1.8649997459387038,4.098824563037223,-1.983598470663613e-15,-0.1175384612270857,1.0020876826722338,0.20598195534176775,-0.9214911873858163,1.0490486722350476,1.5495442554212593
2.222060928886631,-2.1963443324648644,4.418405261351495,-4.069892571105053e-15,-0.13262489110961478,1.0020876826722342,0.24474472524582247,-0.6550148994651295,1.6082564991781532,1.4980702417785436
2.291968738682864,-2.3356804136454823,4.627649152328346,-1.8577731945394287e-15,-0.012684106627850952,1.0020876826722338,-0.07745516868280021,-0.552297158932118,0.7523054528842253,1.4911761139251438
1.8218271887989321,-2.1829888509486137,4.004816039747546,4.640732242933154e-15,-0.01968621203247046,1.0020876826722338,-0.11740398900528938,-0.9624856348642057,1.2201356187191421,1.6168835368214096
2.485679086511261,-2.250988741214868,4.736667827726129,-1.3248661427193535e-15,-0.024287397338657132,1.002087682672234,0.1408467597702039,-0.6445911764546741,1.3645449654970585,1.5269439749139146
2.0099371955072245,-2.34115867400114,4.351095869508365,-6.209847451070042e-15,-0.03218064992948836,1.0020876826722336,-0.0629891418188561,-0.7556002991601942,0.8611090223741314,1.4671527675157257
2.251321339060894,-2.0108366343650994,4.262157973425993,1.3100631690576848e-15,0.019178241056315735,1.002087682672234,0.07610586352524379,-0.7944398746750583,1.6133371940791632,1.5465868419405915
3.124787704181724,-1.855141985887378,4.979929690069103,-4.026408835973901e-15,-0.11897783910598829,1.0020876826722338,0.6319536238461299,0.17385029785205175,1.332334147692263,1.4082577880229534
2.19673501413115,-2.0590284432084176,4.255763457339567,-2.028007391648619e-15,-0.11276387073582302,1.0020876826722338,0.2538630664187224,-0.8023401796655967,1.3268538731840382,1.5157159928627475
2.139916860702117,-2.2540635008150423,4.393980361517159,-1.080617077301819e-15,-0.050332583526322264,1.0020876826722338,0.026300404000376528,-0.6151213592092732,1.1034767296467478,1.3715490894096742
2.3075268935531046,-1.973508382722727,4.281035276275832,-1.5173048003210473e-16,-0.10746062336542617,1.002087682672234,0.21142422418232962,-0.8622870865824073,1.5345546244572126,1.5635335941117683
2.1435860577643893,-1.9904009527433781,4.133987010507767,-1.002901465578058e-15,-0.038429086663215546,1.002087682672234,0.07877829842196411,-0.8883754773338555,1.044846763629,1.5796415429409993
2.191443039398006,-2.010744857787271,4.2021878971852775,-1.909583602355269e-15,-0.15296977664254513,1.0020876826722338,0.347864933614487,-0.697422558302673,0.9732021308988663,1.4571591011042266
1.9833918228877985,-2.0574849976089946,4.040876820496793,3.811765717879704e-16,-0.10668670393634813,1.0020876826722338,0.11812034782702371,-1.129507138104874,1.3531770258586682,1.750223975815897
2.2337495438377304,-2.0654733709813895,4.29922291481912,-1.2138438402568378e-15,-0.07396531991153328,1.0020876826722338,0.1889883361101108,-0.8396408626151599,0.8401571469652838,1.5355589900333242
1.9583971216578513,-2.0571567007227634,4.015553822380615,7.475501699142721e-16,-0.10552206747486201,1.0020876826722338,0.1579830904440384,-0.8611030868464158,1.323531330150315,1.5656660891921197
2.392530106668279,-2.1142157537549253,4.506745860423204,4.252154184314349e-15,-0.08310593420940693,1.0020876826722338,0.15504131122669926,-0.7783752033300231,1.307276229795991,1.5931140403279755
2.06695493234947,-2.7789548529369434,4.8459097852864135,2.7829590483937257e-15,0.048748566538874834,1.0020876826722338,-0.27420741771051144,-0.4213619240195774,1.2212260391992693,1.473943398362577
2.2110596106181415,-1.8494139944149162,4.060473605033057,8.141635513917814e-17,-0.052622103423103944,1.0020876826722336,0.1663480954365693,-0.925889723622336,1.4810577595220298,1.5577520080648208
1.9782315827570702,-2.119731434120777,4.097963016877847,-6.217248937900876e-16,-0.05302330877346851,1.0020876826722338,0.09757974283296897,-0.8940448217628316,1.49438212139754,1.5546702389181413
2.313001232971084,-2.18510801786269,4.4981092508337746,-3.854324267157002e-15,-0.06743901094325977,1.0020876826722338,-0.011692020111252883,-0.37183483552450713,1.3766003678166374,1.3084980839846772
2.0836232942062174,-2.1237598059267273,4.207383100132945,1.121325254871408e-15,-0.06260519280092645,1.002087682672234,0.11370521832136633,-0.9146425511840865,1.6681753328984696,1.6435727057023652
2.3315708978846836,-2.2067191072939902,4.538290005178673,-9.103828801926283e-16,0.04904570968264649,1.0020876826722336,0.03619792286398366,-0.39630341662027213,0.7272468079124883,1.3177965034042858
2.6624989412675006,-2.1307882961968483,4.793287237464349,2.2500519965736505e-15,-0.006269233249687687,1.0020876826722338,0.2533440140495623,-0.31164539349282805,1.0316184878711492,1.3630773059851893
2.3375749191300152,-2.3226114693102264,4.660186388440241,-5.0404125317982105e-15,-0.021616231323248653,1.002087682672234,0.06027242976860975,-0.3643552506478116,1.2475672224005783,1.2702977635002435
2.716319005394407,-1.5719281117771782,4.2882471171715855,-1.1842378929335003e-16,-0.28574980689987145,1.0020876826722336,1.0002910226659834,0.27461329635723297,0.9713395229584133,1.1625123053531663
3.563496181544728,-1.9064977039077986,5.469993885452526,1.0362081563168128e-16,-0.3234610004098198,1.002087682672234,1.5358839272311755,2.900078132974702,0.9236772153819495,0.7224300961617647
2.514307610419027,-2.970984349786571,5.485291960205598,6.587323279442596e-16,-0.16541876263528957,1.0020876826722338,0.21169530066370873,-0.03047150951414279,2.705251456831747,1.5619444075884963
2.8318632035665967,-1.7787507102875033,4.6106139138541,-1.3174646558885191e-15,-0.18356866866689697,1.002087682672234,0.8749941246275041,0.3909698607559102,1.0910689270425764,1.1375175723974151
3.5559909162510537,-1.8154621496052346,5.371453065856288,5.477100254817439e-16,-0.09700321643733495,1.0020876826722338,0.7584798534234317,0.7703144323892861,0.9408101842760317,1.3746425872293233
3.775479438471949,-1.7744583671484075,5.549937805620356,-2.102022259956963e-15,-0.1391281119781529,1.002087682672234,1.4119171467411917,3.0297086551266164,1.0427176967747591,1.0260236088211103
2.61504964701628,-3.8032003792063898,6.41825002622267,6.0322117671300175e-15,0.1634755072388736,1.0020876826722338,-0.66983325060755,1.4072456288835182,1.2121675756518733,0.8841712398389355
2.795272236560349,-2.206294732119966,5.001566968680315,-9.237055564881303e-15,-0.038089711755580714,1.0020876826722338,0.27557418305625914,-0.39432690601281495,0.8701152634108179,1.228813902193905
2.2872554768628492,-2.7801394698954343,5.0673949467582835,-6.972200594645983e-15,-0.053775501224710004,1.002087682672234,0.12445296865067013,0.1417225561365365,0.773830823666391,1.080090452721437
3.3951637227114944,-2.998927176021975,6.394090898733469,2.694141206423713e-15,-0.09114866233760624,1.002087682672234,0.43864592272890884,1.6235623974282953,1.554454135168773,1.0401346789357888
3.108038699481268,-1.8446077153593372,4.952646414840605,-2.1908401019269757e-15,-0.04684746537183988,1.0020876826722338,0.3489064630675204,-0.19082005179483552,0.8838281787051475,1.4035427776838927
2.624615132647559,-3.269307013934967,5.893922146582526,1.2138438402568378e-15,0.009502567788405483,1.0020876826722338,-0.0841151956884781,0.017194288798937585,1.5644831645325026,1.3073849081733615
2.4850390893275938,-3.7702670855737024,6.255306174901296,-4.973799150320701e-15,0.11122383516724241,1.0020876826722338,-0.7501028236617174,1.0989064037848681,1.156609571966943,1.16642487810319
3.9133527619378183,-1.5822731482289873,5.4956259101668055,1.4210854715202005e-15,-0.23637111698285124,1.002087682672234,1.1740336810606053,1.6303464897289546,1.2729814328958562,1.1774178112604132
2.865915735237933,-2.0158945967195905,4.8818103319575235,8.881784197001252e-16,-0.1916692994128455,1.002087682672234,0.4554375061903747,-0.3237251585848617,1.0424716131590597,1.389793266291635
2.8779112292440967,-1.6877945917385284,4.565705820982625,4.884981308350689e-16,-0.2557220431016097,1.0020876826722338,1.5020706025757893,1.9739615899124425,0.9093926603010349,0.5823131635332165
2.553437090024034,-3.183376342786603,5.736813432810637,9.02981393361794e-16,-0.0174693370236249,1.0020876826722336,-0.09037327779090974,1.2927757273044351,1.714590016285822,0.9887287950646695
2.795452421133729,-1.9986881660099036,4.794140587143632,-2.5461114698070257e-15,-0.2190972579844973,1.002087682672234,0.6793771046012285,-0.01685114524800957,1.7490979168188705,1.4118774318783949
3.2862752064091496,-2.3152127164141048,5.601487922823255,-2.5165055224836883e-15,-0.03447003812016197,1.0020876826722334,0.312081046771127,0.28816573974342097,1.1551039621003631,1.3152467507371233
3.368353334625656,-2.460623277442484,5.82897661206814,-6.306066779870889e-15,-0.11279224605313143,1.0020876826722338,0.41666206109823534,0.17257810538405316,1.0294431307974654,1.187502089698455
3.379379047802483,-2.7668715404512563,6.146250588253739,5.181040781584064e-16,-0.07276912304872188,1.0020876826722338,0.46075474565319924,0.6310836787000751,0.8741231478730086,1.3607870900974075
3.5654077581847474,-2.2848683063282134,5.850276064512961,2.4868995751603505e-15,-0.10549873437587953,1.0020876826722336,0.5888909019663919,0.3264249543118334,1.0490371458101293,1.3395767964703083
3.2929184372958096,-2.2253184453866774,5.518236882682487,-4.04121180963557e-15,-0.014839229968143339,1.002087682672234,0.5078869018620583,0.8800949242351859,1.007185709053173,1.1197528739161817
2.68502117271688,-1.9482812554960376,4.633302428212917,6.217248937900877e-15,-0.14949827194742824,1.002087682672234,0.3391748128227863,-0.43415920961091903,1.1490698080664512,1.4082107278383236
2.3873407223973326,-2.643176870286983,5.0305175926843155,-9.459100169806334e-15,-0.16915688897786268,1.002087682672234,0.21177369705248572,-0.3648801315887331,0.8689195776813793,1.4323401973215422
3.3958997068032333,-1.8511425762139901,5.247042283017223,6.113628122269196e-15,-0.12246759408506698,1.0020876826722336,0.8396999556775612,0.6713284589947834,1.3340308042344082,1.3425451046298131
3.0028679345108666,-2.399062375380823,5.401930309891689,-3.75070345152532e-15,0.02876792943274014,1.002087682672234,0.05079498498004775,-0.10906930920809499,1.5426359259297704,1.3223397746240289
2.950432758096467,-2.9723911330569166,5.922823891153383,-1.0924594562311541e-14,-0.05142822194635836,1.0020876826722338,0.038538477124961834,0.07523245832629577,0.9893992746705401,1.390869585637271
2.5926235003438642,-2.1852578487935537,4.777881349137418,-5.8027656753741514e-15,-0.11738900606977654,1.0020876826722336,0.3121664812762245,-0.44433620668040463,1.0007516593410088,1.539052264582736
2.245859686349207,-1.9637208263204908,4.209580512669698,1.8947806286936005e-15,-0.2859528245469276,1.0020876826722338,0.7140806100068633,-0.09290450597141131,0.5962499157584761,0.790391601105408
3.6053374449206834,-2.482904921811716,6.088242366732399,-9.888386405994727e-15,-0.086443620785496,1.0020876826722338,0.9007811529182361,2.558086840108005,0.7746639363866307,0.39830249357417924
2.582399912692445,-2.6339209188031045,5.216320831495549,3.656334494432182e-15,-0.38419022462525587,1.0020876826722338,0.5298113503326937,0.4148669978535793,1.2140881091243505,1.1567510787802393
2.0737234493215038,-2.643317464549417,4.717040913870921,1.5395092608135505e-15,0.007286593030559268,1.0020876826722338,0.010883831331854367,-0.526723193917308,1.3505356581835541,1.4849906728922855
2.09003191218328,-1.915591165816989,4.005623078000269,-3.671137468093851e-15,0.08610133301101339,1.0020876826722338,-0.0692399838493088,-0.8102335520452795,0.9014269092080388,1.4425499361789098
2.341072192137656,-1.9317532916888198,4.272825483826476,5.34387349186242e-15,-0.11767363695115678,1.0020876826722338,0.35149420586623453,-0.778065776923293,1.5310711996233457,1.5648550892597402
2.599288981249183,-2.2243565148871753,4.823645496136358,-4.677739677087326e-15,-0.056253726952137734,1.0020876826722338,0.2350384339746548,-0.5313939696830556,0.9554984421243871,1.5738387990859715
3.121668865476831,-2.6052162370604113,5.726885102537242,6.94999613415348e-15,-0.0039440048206287265,1.002087682672234,0.10924823873082047,0.2763795296083926,1.3471296040638157,1.2010519765718155
2.883666414432618,-2.066552863148915,4.9502192775815335,-1.7763568394002505e-15,-0.03262547844515954,1.0020876826722338,0.4401369592268999,-0.07487751668197618,1.3685893382497458,1.524506276055265
2.123762291475465,-1.9978613481040397,4.1216236395795045,4.440892098500626e-16,-0.09114051061429371,1.0020876826722338,0.18999792595204648,-0.793654702397792,1.0329528041691396,1.5375155252571169
2.730779246289921,-1.768738377718994,4.499517624008915,2.4868995751603505e-15,-0.05604741607078434,1.0020876826722336,0.3003172942076384,-0.6145569596195037,0.9122094291043806,1.4327182508774348
2.501302097859729,-2.089037582265246,4.590339680124975,2.960594732333751e-17,-0.0060350147299145646,1.0020876826722338,0.22525994859858797,-0.40493581096883347,1.1114621447158826,1.345131570614936
2.647636086298993,-2.1380283304453696,4.785664416744362,-1.865174681370263e-15,0.006521662457552898,1.002087682672234,0.24133674361727236,-0.2543831463244941,1.073278766021261,1.354786395166865
2.2986146383712622,-1.716433759334996,4.015048397706258,4.2928623618839387e-16,-0.2434697082247159,1.0020876826722338,0.45745032584783424,-0.7622605525919224,1.3929114349003666,1.5412143927477562
2.6093041381896316,-2.2527083401229793,4.862012478312611,8.171241461241152e-15,-0.025473155320173253,1.0020876826722338,0.13786285045687063,-0.42691173490389467,1.407105162914566,1.330915204754874
2.1311907795959035,-2.299252904605156,4.43044368420106,5.2254497025690705e-15,-0.025245942770742824,1.002087682672234,0.07802784724395384,-0.6813670460939543,0.8597246972811707,1.5583615618501374
2.7255014428953395,-2.0017523353362137,4.727253778231553,-2.9902006796570883e-15,-0.24236984549370688,1.002087682672234,1.079843954490589,1.208573541734535,0.4484910350118392,0.36942189283860044
2.9638320303661474,-2.138659602106749,5.102491632472896,5.921189464667501e-17,-0.4035686837297706,1.002087682672234,0.9652445090527348,1.1924767870466235,2.808090777716166,1.1446788374104444
1.8784340367183152,-1.379078831042293,3.2575128677606084,2.1871393585115583e-15,-0.021504907848565936,1.002087682672234,0.13984905874226702,-1.4738031558331768,1.1576579591349112,1.9035994001912684
2.3445303488437363,-1.647764906655059,3.9922952554987954,-8.141635513917814e-16,-0.0545428960266979,1.0020876826722338,0.2862069505374363,-0.7757657844101535,1.0125471895412699,1.6706850097655797
1.669591589786886,-1.8282546243681106,3.497846214154997,-2.768156074732057e-15,0.12148733523503878,1.002087682672234,-0.09441995870278784,-1.2940333480470767,0.940753519659744,1.831072138444442
1.7882142335516131,-1.6798567128780533,3.468070946429666,-2.2352490229119818e-15,0.05058768325321465,1.0020876826722338,-0.044339676585900364,-1.1890504570231595,1.2442335559536017,1.7763872148044768
2.233455101874434,-1.5303994954766658,3.7638545973510995,-3.360275021198807e-15,-0.09872188786989411,1.002087682672234,0.3689937288713274,-0.8231702273676706,1.4612798371225082,1.6158338495721987
2.4993779511136176,-1.7802418185974098,4.279619769711028,-5.921189464667501e-17,-0.013546881527153817,1.0020876826722338,0.11323671749322771,-0.953481981411064,1.1563761031086612,1.6888604025110108
2.219559792829006,-2.1106539511958893,4.330213744024896,1.5691152081368879e-15,-0.03467780311459345,1.0020876826722338,-0.0012295933842863033,-0.8853211080924672,1.8596449535809685,1.4981999191627768
1.8207031713364275,-1.4726977664316447,3.293400937768072,7.105427357601002e-16,0.04017960943048589,1.0020876826722338,0.13602795059287115,-1.308481222874989,1.147378890311235,1.7341774306406075
2.233050813090594,-1.7040262475459058,3.9370770606364998,1.4802973661668753e-16,0.09117611683794763,1.0020876826722338,0.10149219398084819,-1.0695710069277526,1.4652010768322927,1.7579445965909106
2.1979300642884665,-1.6174604524752192,3.815390516763686,8.881784197001253e-17,0.033091900353183226,1.002087682672234,0.22640522235768593,-0.7451628035395399,0.9929069215102918,1.4738303608027898
2.100523256637573,-1.660135655437421,3.7606589120749936,1.2434497875801752e-15,0.02557550844507979,1.002087682672234,0.07096179365236226,-1.060742728167238,0.7620954773104691,1.7068245579305823
2.3587229214004877,-3.3983841255283975,5.757107046928885,4.440892098500626e-16,-0.2268307084043967,1.0020876826722338,-0.042396185879948,0.18958239735874072,0.8192995525450972,1.5259516080911966
2.673491335748528,-2.695283621071184,5.368774956819712,8.881784197001252e-16,-0.20334573141951323,1.0020876826722338,0.16391937648196864,0.5392461104726705,1.69146164576467,1.3636055438617718
3.6266955480435876,-1.4598850311431253,5.0865805791867125,2.4276876805136757e-15,-0.12314805001210578,1.0020876826722338,0.8667919799385247,0.6192584349321733,1.037104500868258,1.4350193105477587
3.6784020587085506,-2.3430148857997573,6.021416944508308,-6.698345581905111e-15,-0.14878431850672097,1.0020876826722338,0.8015005827053306,1.0677396792256593,1.265605933833343,1.2900288956434522
2.7648322465670594,-1.9407662722319816,4.705598518799041,4.4408920985006264e-17,-0.2359420396747161,1.002087682672234,0.7228983460604753,-0.33864140014182453,1.2581710671997348,1.4544299255988924
3.5500905075708853,-1.893862999548871,5.4439535071197565,2.5165055224836883e-15,-0.15779320512389505,1.0020876826722338,0.9198575819849234,0.8934548228690216,1.42512280010406,1.37485508857254
3.4858411265023284,-1.9217706034661115,5.40761172996844,-7.815970093361103e-15,-0.13503899519935803,1.002087682672234,0.8040257193947024,0.5766074516425581,1.2402519121726814,1.2740950494433498
3.4834931653473937,-2.757164725955532,6.240657891302925,5.255055649892408e-16,-0.07072754278261852,1.0020876826722338,0.10633148545057647,0.5539052486887672,1.4826138409244494,1.3264205422106254
4.1814446202162365,-1.559166555301412,5.740611175517649,5.5067062021407766e-15,-0.16120430386141238,1.002087682672234,1.455453164445148,2.689991236665125,0.9304024034368372,1.0010155308661877
3.7686051895911787,-2.0073814976900692,5.775986687281248,0.0,-0.040270420949319034,1.0020876826722338,0.6045001124922675,0.9071537708566688,0.9102270631215765,1.2441744219962658
2.820701914097178,-2.047029383251466,4.867731297348644,3.819167204710538e-15,-0.16405976530991123,1.0020876826722338,0.5158779406045378,-0.05909158314908547,1.3619102452559966,1.4374580625430338
3.902682243425653,-1.9069750205982998,5.8096572640239525,3.0864200084579353e-15,-0.2459445936083418,1.002087682672234,0.8384187355568232,0.807793422814373,2.0868204006101707,1.3532511133408711
2.8807680336575143,-1.95577127000885,4.836539303666364,-9.38508530149799e-15,-0.08605414448037157,1.002087682672234,0.4905514438194042,-0.2684338961765369,1.2671009846755688,1.4451496628303646
3.9600083506371164,-2.2031327680847324,6.163141118721849,3.848773152033876e-15,-0.07834465535373122,1.0020876826722336,0.6824062937397397,1.0445888892090158,1.1959684005086348,1.2680070867358686
2.9759419946809613,-1.8941121057096804,4.870054100390641,3.34362167582943e-15,-0.06757823184965919,1.0020876826722338,0.35615594407467616,-0.2053872308943938,1.0172290599425857,1.2548761685021819
2.956773298112961,-2.363439707795839,5.3202130059087995,-5.713947833404139e-15,-0.22104151531318006,1.002087682672234,1.241389496459406,1.2265549513213072,0.6630816293408801,0.9667797826006269
0.9874058396029936,-1.9730001030119562,2.96040594261495,-3.6729878398015593e-16,0.47625494899802817,1.0112359550561798,-0.9416112603903065,-0.7157781901215001,1.659262686319086,1.3934311943427962
